"site","plant_id","transect_no","quadrat_no","date_mm.dd.yyyy","sample_weight_mg","extract_volume_mL","n490_1","n490_2","comment","n490_avg","sugar_ugmg","sugar_ugg","sugar_mgg","bladeNum","fileName","prevelance","severity","lesionArea","healthyArea","correctNum","shoot"
"False Bay",1,1,1,"7/2/19",51.5,10,0.926,0.918,"",0.922,368.84905631068,368849.05631068,368.84905631068,0,"belowground_False_Bay_FalseBay_001",1,0.283185343,22.4540224,7906.63657,TRUE,1
"False Bay",2,1,2,"7/2/19",50.6,10,0.769,0.78,"",0.7745,314.426816205534,314426.816205534,314.426816205534,0,"belowground_False_Bay_FalseBay_002",1,1.560041753,100.6475936,6350.94855,TRUE,2
"False Bay",3,1,3,"7/2/19",52.2,10,0.85,0.897,"",0.8735,344.465454022989,344465.454022989,344.465454022989,0,"belowground_False_Bay_FalseBay_003",0,0,0,3883.708119,TRUE,3
"False Bay",4,1,4,"7/2/19",52.6,10,0.811,0.871,"",0.841,328.919965779468,328919.965779468,328.919965779468,0,"belowground_False_Bay_FalseBay_018_ACTUALLY_T2.03",1,5.009658112,395.0991085,7491.648843,TRUE,3
"False Bay",5,1,5,"7/2/19",52.3,10,0.819,0.829,"",0.824,324.006630975143,324006.630975143,324.006630975143,0,"belowground_False_Bay_FalseBay_004",0,0,0,4695.55676,TRUE,4
"False Bay",6,1,6,"7/2/19",51.5,10,0.998,1.018,"",1.008,403.783759223301,403783.759223301,403.783759223301,0,"belowground_False_Bay_FalseBay_019_ACTUALLY_T2.04",0,0,0,7231.059935,TRUE,4
"False Bay",7,1,7,"7/2/19",52,10,0.808,0.805,"",0.8065,318.835448076923,318835.448076923,318.835448076923,0,"belowground_False_Bay_FalseBay_005",0,0,0,4442.011476,TRUE,5
"False Bay",8,1,8,"7/2/19",50.8,10,0.886,0.944,"",0.915,371.048917322835,371048.917322835,371.048917322835,0,"belowground_False_Bay_FalseBay_006",0,0,0,6481.868624,TRUE,6
"False Bay",9,1,9,"7/2/19",52.4,10,1.006,1.01,"",1.008,396.848541984733,396848.541984733,396.848541984733,0,"belowground_False_Bay_FalseBay_007",1,0.721382488,44.8720896,6175.418859,TRUE,7
"False Bay",10,1,10,"7/2/19",50.9,10,0.884,0.883,"",0.8835,357.37325540275,357373.255402751,357.37325540275,0,"belowground_False_Bay_FalseBay_008",0,0,0,7770.506588,TRUE,8
"False Bay",11,1,11,"7/2/19",50.6,10,0.885,0.848,"",0.8665,352.463543478261,352463.543478261,352.463543478261,0,"belowground_False_Bay_FalseBay_009",0,0,0,6007.4883,TRUE,9
"False Bay",12,1,12,"7/2/19",50.8,10,0.746,0.73,"",0.738,298.157669291339,298157.669291339,298.157669291339,0,"belowground_False_Bay_FalseBay_010",1,2.337467132,106.51728,4450.435779,TRUE,10
"False Bay",13,1,13,"7/2/19",51.2,10,0.921,0.899,"",0.91,366.107109375,366107.109375,366.107109375,0,"belowground_False_Bay_FalseBay_011",1,1.045478178,91.78643456,8687.58711,TRUE,11
"False Bay",14,1,14,"7/2/19",50.5,10,0.796,0.829,"",0.8125,330.791376237624,330791.376237624,330.791376237624,0,"belowground_False_Bay_FalseBay_012",1,1.20714655,85.7891072,7020.979095,TRUE,12
"False Bay",15,1,15,"7/2/19",50.2,10,0.827,0.811,"",0.819,335.477007968128,335477.007968127,335.477007968128,0,"belowground_False_Bay_FalseBay_013",1,1.757361683,153.7785926,8596.758881,TRUE,13
"False Bay",16,2,1,"7/2/19",50.5,10,0.894,0.895,"",0.8945,364.76080990099,364760.80990099,364.76080990099,0,"belowground_False_Bay_FalseBay_014",1,1.31028025,168.6982029,12706.27285,TRUE,14
"False Bay",17,2,2,"7/2/19",51.6,10,0.58,0.581,"",0.5805,229.679808139535,229679.808139535,229.679808139535,0,"belowground_False_Bay_FalseBay_015",1,16.19069551,1246.284536,6451.250973,TRUE,15
"False Bay",18,2,3,"7/2/19",50,10,0.905,0.916,"",0.9105,375.102882,375102.882,375.102882,0,"belowground_False_Bay_FalseBay_016",1,11.47765424,673.5415706,5194.744374,TRUE,16
"False Bay",19,2,4,"7/2/19",51.1,10,0.811,0.851,"",0.831,334.481178082192,334481.178082192,334.481178082192,0,"belowground_False_Bay_FalseBay_017",1,0.250683401,10.5528512,4199.080167,TRUE,17
"False Bay",20,2,5,"7/2/19",50.3,10,0.644,0.686,"",0.665,270.76013916501,270760.13916501,270.76013916501,0,"belowground_False_Bay_FalseBay_020",1,4.13997763,323.9851162,7501.784614,TRUE,20
"False Bay",21,2,6,"7/2/19",51.1,14,0.584,0.605,"",0.5945,237.658726027397,237658.726027397,237.658726027397,0,"belowground_False_Bay_FalseBay_021",1,0.064908425,4.7101312,7251.869007,TRUE,21
"False Bay",22,2,7,"7/2/19",50.7,14,0.808,0.824,"",0.816,330.930674556213,330930.674556213,330.930674556213,0,"belowground_False_Bay_FalseBay_022",0,0,0,6719.654744,TRUE,22
"False Bay",23,2,8,"7/2/19",52.4,14,0.808,0.802,"",0.805,315.802729007634,315802.729007634,315.802729007634,0,"belowground_False_Bay_FalseBay_023",1,2.973328939,227.8840576,7436.389296,TRUE,23
"False Bay",24,2,9,"7/2/19",52,14,0.668,0.667,"",0.6675,262.914144230769,262914.144230769,262.914144230769,0,"belowground_False_Bay_FalseBay_024",0,0,0,9013.547964,TRUE,24
"False Bay",25,2,10,"7/2/19",50.6,14,0.815,0.829,"",0.822,334.065343873518,334065.343873518,334.065343873518,0,"belowground_False_Bay_FalseBay_025",1,3.425443882,248.5097581,7006.309373,TRUE,25
"False Bay",26,2,11,"7/2/19",51.6,14,0.629,0.647,"",0.638,252.992046511628,252992.046511628,252.992046511628,0,"belowground_False_Bay_FalseBay_026",1,5.233612761,139.1646016,2519.88963,TRUE,26
"False Bay",27,2,12,"7/2/19",50.6,14,0.864,0.855,"",0.8595,349.569444664032,349569.444664032,349.569444664032,0,"belowground_False_Bay_FalseBay_027",0,0,0,6572.330109,TRUE,27
"False Bay",28,2,13,"7/2/19",50.9,14,0.665,0.681,"",0.673,270.856514734774,270856.514734774,270.856514734774,0,"belowground_False_Bay_FalseBay_028",0,0,0,6443.691393,TRUE,28
"False Bay",29,2,14,"7/2/19",50.8,14,0.685,0.686,"",0.6855,276.537383858268,276537.383858268,276.537383858268,0,"belowground_False_Bay_FalseBay_029",1,5.666573932,446.7325734,7436.912444,TRUE,29
"False Bay",30,2,15,"7/2/19",52.4,14,0.907,0.893,"",0.9,353.730572519084,353730.572519084,353.730572519084,0,"belowground_False_Bay_FalseBay_030",1,2.752693578,76.3868224,2698.597761,TRUE,30
"False Bay",31,3,1,"7/2/19",52,14,0.853,0.844,"",0.8485,335.732532692308,335732.532692308,335.732532692308,0,"belowground_False_Bay_FalseBay_031",1,0.981881768,70.69331648,7129.085595,TRUE,31
"False Bay",32,3,2,"7/2/19",50.8,14,0.738,0.742,"",0.74,298.981299212599,298981.299212599,298.981299212599,0,"belowground_False_Bay_FalseBay_032",0,0,0,8669.323666,TRUE,32
"False Bay",33,3,3,"7/2/19",50.1,14,0.733,0.697,"",0.715,292.719461077844,292719.461077844,292.719461077844,0,"belowground_False_Bay_FalseBay_033",1,5.986979133,403.4838611,6335.872534,TRUE,33
"False Bay",34,3,4,"7/2/19",51.1,14,0.63,0.631,"",0.6305,252.39702739726,252397.02739726,252.39702739726,0,"belowground_False_Bay_FalseBay_034",0,0,0,6157.013392,TRUE,34
"False Bay",35,3,5,"7/2/19",51.7,14,0.586,0.563,"",0.5745,226.807676982592,226807.676982592,226.807676982592,0,"belowground_False_Bay_FalseBay_035",1,0.010166311,0.719104,7072.682673,TRUE,35
"False Bay",36,3,6,"7/2/19",50.7,14,0.735,0.753,"",0.744,301.221514792899,301221.514792899,301.221514792899,0,"belowground_False_Bay_FalseBay_036",1,20.48127025,1892.669144,7348.306247,TRUE,36
"False Bay",37,3,7,"7/2/19",51.4,14,0.739,0.73,"",0.7345,293.25270233463,293252.70233463,293.25270233463,0,"belowground_False_Bay_FalseBay_037",1,7.367819515,582.242329,7320.262989,TRUE,37
"False Bay",38,3,8,"7/2/19",51.4,14,0.443,0.443,"Partial loss of sample",0.443,174.60993385214,174609.93385214,174.60993385214,0,"belowground_False_Bay_FalseBay_038",1,11.84551001,1332.39724,9915.723258,TRUE,38
"False Bay",39,3,9,"7/2/19",50.5,14,0.801,0.792,"",0.7965,324.163194059406,324163.194059406,324.163194059406,0,"belowground_False_Bay_FalseBay_039",1,7.297637062,419.109991,5323.981745,TRUE,39
"False Bay",40,3,10,"7/2/19",50.3,14,0.793,0.772,"",0.7825,319.629393638171,319629.393638171,319.629393638171,0,"belowground_False_Bay_FalseBay_040",1,0.030673739,2.9483264,9608.942705,TRUE,40
"False Bay",41,3,11,"7/2/19",51.2,14,0.736,0.748,"",0.742,297.462703125,297462.703125,297.462703125,0,"belowground_False_Bay_FalseBay_041",0,0,0,8938.110359,TRUE,41
"False Bay",42,3,12,"7/2/19",52.4,14,0.925,0.953,"",0.939,369.300950381679,369300.950381679,369.300950381679,0,"belowground_False_Bay_FalseBay_042",1,2.173688821,213.6835514,9616.773748,TRUE,42
"False Bay",43,3,13,"7/2/19",51.3,14,0.441,0.44,"",0.4405,173.930801169591,173930.801169591,173.930801169591,0,"belowground_False_Bay_FalseBay_043",1,10.42297422,962.70048,8273.631297,TRUE,43
"False Bay",44,3,14,"7/2/19",52.2,14,0.699,0.727,"",0.713,280.141850574713,280141.850574713,280.141850574713,0,"belowground_False_Bay_FalseBay_044",1,10.0216512,1001.796367,8994.524068,TRUE,44
"False Bay",45,3,15,"7/2/19",50.7,14,0.697,0.696,"",0.6965,281.621721893491,281621.721893491,281.621721893491,0,"belowground_False_Bay_FalseBay_045",0,0,0,5449.343146,TRUE,45
"Indian Cove",46,1,1,"7/3/19",59.9,14,1.318,1.324,"",1.321,456.475562604341,456475.562604341,456.475562604341,0,"belowground_Indian_Cove_IndianCove_001",1,0.182890597,12.7820736,6976.13577,TRUE,1
"Indian Cove",47,1,2,"7/3/19",55.6,14,1.284,1.249,"",1.2665,471.272217625899,471272.217625899,471.272217625899,0,"belowground_Indian_Cove_IndianCove_002",0,0,0,12929.62116,TRUE,2
"Indian Cove",48,1,3,"7/3/19",51,14,1.001,1.017,"",1.009,408.152623529412,408152.623529412,408.152623529412,0,"belowground_Indian_Cove_IndianCove_003",1,3.295647515,299.7045696,8794.246413,TRUE,3
"Indian Cove",49,1,4,"7/3/19",57.9,14,1.076,1.059,"",1.0675,380.649663212435,380649.663212435,380.649663212435,0,"belowground_Indian_Cove_IndianCove_004",1,0.195834747,23.8922304,12176.30758,TRUE,4
"Indian Cove",50,1,5,"7/3/19",53.1,14,1.024,1.013,"",1.0185,395.753779661017,395753.779661017,395.753779661017,0,"belowground_Indian_Cove_IndianCove_005",1,0.131944652,21.4472768,16233.30538,TRUE,5
"Indian Cove",51,1,6,"7/3/19",58.3,14,1.202,1.23,"",1.216,431.325303602058,431325.303602058,431.325303602058,0,"belowground_Indian_Cove_IndianCove_006",0,0,0,13806.85433,TRUE,6
"Indian Cove",52,1,7,"7/3/19",53.7,14,1.081,1.066,"",1.0735,412.758597765363,412758.597765363,412.758597765363,0,"belowground_Indian_Cove_IndianCove_007",1,0.745145958,109.6399891,14604.25437,TRUE,7
"Indian Cove",53,1,8,"7/3/19",57.2,14,1.007,1.006,"",1.0065,362.99795979021,362997.95979021,362.99795979021,0,"belowground_Indian_Cove_IndianCove_008",0,0,0,11287.66223,TRUE,8
"Indian Cove",54,1,9,"7/3/19",54.9,14,1.168,1.199,"",1.1835,445.653163934426,445653.163934426,445.653163934426,0,"belowground_Indian_Cove_IndianCove_009",1,1.651888876,215.7473798,12844.89992,TRUE,9
"Indian Cove",55,1,10,"7/3/19",54,14,1.319,1.364,"",1.3415,514.291672222222,514291.672222222,514.291672222222,0,"belowground_Indian_Cove_IndianCove_010",0,0,0,7418.715517,TRUE,10
"Indian Cove",56,1,11,"7/3/19",51.6,14,0.825,0.815,"",0.82,326.780348837209,326780.348837209,326.780348837209,0,"belowground_Indian_Cove_IndianCove_011",1,9.952824318,1319.818313,11940.92327,TRUE,11
"Indian Cove",57,1,12,"7/3/19",57.3,14,1.039,1.054,"",1.0465,376.968434554974,376968.434554974,376.968434554974,0,"belowground_Indian_Cove_IndianCove_012",1,3.869577856,659.7743245,16390.5177,TRUE,12
"Indian Cove",58,1,13,"7/3/19",52.4,14,0.896,0.869,"lost part of sample due to explosion ",0.8825,346.743864503817,346743.864503817,346.743864503817,0,"belowground_Indian_Cove_IndianCove_013",1,0.723932863,120.906551,16580.44205,TRUE,13
"Indian Cove",59,1,14,"7/3/19",63.2,14,1.104,1.096,"",1.1,359.486107594937,359486.107594937,359.486107594937,0,"belowground_Indian_Cove_IndianCove_014",1,2.225474108,425.6915904,18702.43885,TRUE,14
"Indian Cove",60,1,15,"7/3/19",53.3,14,0.951,0.928,"",0.9395,363.261348968105,363261.348968105,363.261348968105,0,"belowground_Indian_Cove_IndianCove_015",1,1.414229325,209.2233088,14584.93385,TRUE,15
"Indian Cove",61,2,1,"7/3/19",53.1,14,0.79,0.804,"",0.797,308.487785310734,308487.785310734,308.487785310734,0,"belowground_Indian_Cove_IndianCove_016",1,6.257794806,1101.936992,16507.09344,TRUE,16
"Indian Cove",62,2,2,"7/3/19",52.6,14,0.889,0.903,"",0.896,350.794699619772,350794.699619772,350.794699619772,0,"belowground_Indian_Cove_IndianCove_017",1,0.412667202,59.146304,14273.54204,TRUE,17
"Indian Cove",63,2,3,"7/3/19",51.8,14,0.92,0.914,"",0.917,364.693540540541,364693.540540541,364.693540540541,0,"belowground_Indian_Cove_IndianCove_018",1,0.633406997,103.0296256,16162.91409,TRUE,18
"Indian Cove",64,2,4,"7/3/19",52.9,14,0.871,0.893,"",0.882,343.268778827977,343268.778827977,343.268778827977,0,"belowground_Indian_Cove_IndianCove_019",1,0.668254925,117.2624915,17430.30613,TRUE,19
"Indian Cove",65,2,5,"7/3/19",59.8,14,0.989,0.973,"lost part of sample due to explosion ",0.981,338.294618729097,338294.618729097,338.294618729097,0,"belowground_Indian_Cove_IndianCove_020",1,0.01387067,1.4741632,10626.44251,TRUE,20
"Indian Cove",66,2,6,"7/3/19",52.9,14,0.788,0.801,"",0.7945,308.665423440454,308665.423440454,308.665423440454,0,"belowground_Indian_Cove_IndianCove_021",1,0.212598699,16.0539968,7535.260703,TRUE,21
"Indian Cove",67,2,7,"7/3/19",59,14,0.979,0.977,"",0.978,341.817925423729,341817.925423729,341.817925423729,0,"belowground_Indian_Cove_IndianCove_022",1,0.009357324,1.2224768,13063.16236,TRUE,22
"Indian Cove",68,2,8,"7/3/19",56.2,14,0.95,0.955,"",0.9525,349.355738434164,349355.738434164,349.355738434164,0,"belowground_Indian_Cove_IndianCove_023",0,0,0,13980.36693,TRUE,23
"Indian Cove",69,2,9,"7/3/19",59.9,14,0.876,0.899,"",0.8875,305.074782971619,305074.782971619,305.074782971619,0,"belowground_Indian_Cove_IndianCove_024",1,0.012291331,1.4921408,12138.29035,TRUE,24
"Indian Cove",70,2,10,"7/3/19",57.4,14,0.867,0.849,"",0.858,307.610341463415,307610.341463415,307.610341463415,0,"belowground_Indian_Cove_IndianCove_025",1,0.184806887,22.43424704,12116.85746,TRUE,25
"Indian Cove",71,2,11,"7/3/19",56.9,14,0.959,0.916,"",0.9375,339.542873462214,339542.873462214,339.542873462214,0,"belowground_Indian_Cove_IndianCove_026",1,0.62041354,97.67949184,15646.57584,TRUE,26
"Indian Cove",72,2,12,"7/3/19",59.3,14,1.012,1.034,"",1.023,355.964023608769,355964.023608769,355.964023608769,0,"belowground_Indian_Cove_IndianCove_027",1,0.58911212,79.0295296,13335.99402,TRUE,27
"Indian Cove",73,2,13,"7/3/19",51.6,14,0.727,0.709,"",0.718,285.426465116279,285426.465116279,285.426465116279,0,"belowground_Indian_Cove_IndianCove_028",1,0.199667897,19.4337856,9713.620877,TRUE,28
"Indian Cove",74,2,14,"7/3/19",53.8,14,0.958,1.007,"",0.9825,376.605920074349,376605.920074349,376.605920074349,0,"belowground_Indian_Cove_IndianCove_029",1,0.151476608,16.988832,11198.49333,TRUE,29
"Indian Cove",75,2,15,"7/3/19",55.5,14,0.73,0.719,"",0.7245,267.819583783784,267819.583783784,267.819583783784,0,"belowground_Indian_Cove_IndianCove_030",1,10.02327691,1007.302906,9042.333697,TRUE,30
"Indian Cove",76,3,1,"7/3/19",53.2,14,0.766,0.784,"",0.775,299.256710526316,299256.710526316,299.256710526316,0,"belowground_Indian_Cove_IndianCove_031",0,0,0,13296.31566,TRUE,31
"Indian Cove",77,3,2,"7/3/19",51.1,14,0.964,1.004,"",0.984,397.11895890411,397118.95890411,397.11895890411,0,"belowground_Indian_Cove_IndianCove_032",0,0,0,12433.07445,TRUE,32
"Indian Cove",78,3,3,"7/3/19",57,14,0.924,0.93,"",0.927,335.093463157895,335093.463157895,335.093463157895,0,"belowground_Indian_Cove_IndianCove_033",1,2.909854468,355.1115328,11848.64425,TRUE,33
"Indian Cove",79,3,4,"7/3/19",53.7,14,0.971,0.958,"",0.9645,370.294877094972,370294.877094972,370.294877094972,0,"belowground_Indian_Cove_IndianCove_034",0,0,0,14535.24016,TRUE,34
"Indian Cove",80,3,5,"7/3/19",52.5,14,0.822,0.813,"",0.8175,320.1822,320182.2,320.1822,0,"belowground_Indian_Cove_IndianCove_035",0,0,0,13340.49022,TRUE,35
"Indian Cove",81,3,6,"7/3/19",52.2,14,0.915,0.906,"",0.9105,359.293948275862,359293.948275862,359.293948275862,0,"belowground_Indian_Cove_IndianCove_036",1,0.431723506,63.0654208,14544.7611,TRUE,36
"Indian Cove",82,3,7,"7/3/19",59.6,14,0.818,0.819,"",0.8185,282.39069966443,282390.69966443,282.39069966443,0,"belowground_Indian_Cove_IndianCove_037",1,4.778957422,435.7536531,8682.420348,TRUE,37
"Indian Cove",83,3,8,"7/3/19",51.3,14,0.727,0.707,"",0.717,286.687824561404,286687.824561404,286.687824561404,0,"belowground_Indian_Cove_IndianCove_038",1,0.039813903,6.9033984,17332.26169,TRUE,38
"Indian Cove",84,3,9,"7/3/19",57.8,14,0.853,0.868,"",0.8605,306.386403114187,306386.403114187,306.386403114187,0,"belowground_Indian_Cove_IndianCove_039",0,0,0,4120.190863,TRUE,39
"Indian Cove",85,3,10,"7/3/19",51.1,14,0.774,0.772,"",0.773,310.736136986301,310736.136986301,310.736136986301,0,"belowground_Indian_Cove_IndianCove_040",1,0.443125395,52.16739968,11720.43699,TRUE,40
"Indian Cove",86,3,11,"7/3/19",52.8,14,1.107,1.093,"",1.1,430.293977272727,430293.977272727,430.293977272727,0,"belowground_Indian_Cove_IndianCove_041",1,0.200232586,28.56101312,14235.35762,TRUE,41
"Indian Cove",87,3,12,"7/3/19",57,14,0.806,0.779,"",0.7925,285.729131578947,285729.131578947,285.729131578947,0,"belowground_Indian_Cove_IndianCove_042",1,3.192201579,539.0924934,16348.7036,TRUE,42
"Indian Cove",88,3,13,"7/3/19",52.7,14,0.847,0.838,"",0.8425,328.891280834915,328891.280834915,328.891280834915,0,"belowground_Indian_Cove_IndianCove_043",1,0.041298583,6.66429632,16130.20025,TRUE,43
"Indian Cove",89,3,14,"7/3/19",54.1,14,1.009,1.017,"",1.013,386.31173012939,386311.73012939,386.31173012939,0,"belowground_Indian_Cove_IndianCove_044",1,0.238935331,34.97362304,14602.302,TRUE,44
"Indian Cove",90,3,15,"7/3/19",53.9,14,0.853,0.885,"",0.869,331.854467532468,331854.467532468,331.854467532468,0,"belowground_Indian_Cove_IndianCove_045",0,0,0,14949.86834,TRUE,45
"4th of July Beach ",91,1,1,"7/5/19",56.2,14,0.714,0.703,"",0.7085,258.527823843416,258527.823843416,258.527823843416,0,"belowground_4th_of_July_Beach_4thJuly_001",1,17.32993918,755.9868442,3606.329931,TRUE,1
"4th of July Beach ",92,1,2,"7/5/19",58.1,14,0.879,0.883,"",0.881,312.185855421687,312185.855421687,312.185855421687,0,"belowground_4th_of_July_Beach_4thJuly_002",0,0,0,3105.653771,TRUE,2
"4th of July Beach ",93,1,3,"7/5/19",52.2,14,1.296,1.311,"",1.3035,516.796603448276,516796.603448276,516.796603448276,0,"belowground_4th_of_July_Beach_4thJuly_003",0,0,0,1046.961491,TRUE,3
"4th of July Beach ",94,1,4,"7/5/19",53.5,14,0.918,0.909,"",0.9135,351.736536448598,351736.536448598,351.736536448598,0,"belowground_4th_of_July_Beach_4thJuly_004",0,0,0,2822.12185,TRUE,4
"4th of July Beach ",95,1,5,"7/5/19",61.5,14,1.288,1.284,"",1.286,432.693970731707,432693.970731707,432.693970731707,0,"belowground_4th_of_July_Beach_4thJuly_005",0,0,0,2372.568591,TRUE,5
"4th of July Beach ",96,1,6,"7/5/19",54.1,14,1.155,1.146,"",1.1505,439.482293900185,439482.293900185,439.482293900185,0,"belowground_4th_of_July_Beach_4thJuly_006",0,0,0,5603.56938,TRUE,6
"4th of July Beach ",97,1,7,"7/5/19",53.1,14,1.112,1.063,"",1.0875,422.938220338983,422938.220338983,422.938220338983,0,"belowground_4th_of_July_Beach_4thJuly_007",1,0.912026656,45.51748544,4945.288995,TRUE,7
"4th of July Beach ",98,1,8,"7/5/19",54.4,14,1.134,1.158,"",1.146,435.328147058824,435328.147058824,435.328147058824,0,"belowground_4th_of_July_Beach_4thJuly_008",0,0,0,3229.325277,TRUE,8
"4th of July Beach ",99,1,9,"7/5/19",52.5,14,1.21,1.235,"",1.2225,481.5666,481566.6,481.5666,0,"belowground_4th_of_July_Beach_4thJuly_009",1,0.057609535,2.9483264,5114.826751,TRUE,9
"4th of July Beach ",100,1,10,"7/5/19",52.9,14,1.032,1,"",1.016,396.261345935728,396261.345935728,396.261345935728,0,"belowground_4th_of_July_Beach_4thJuly_010",1,16.93863158,667.5208723,3273.298486,TRUE,10
"4th of July Beach ",101,1,11,"7/5/19",61.5,14,1.441,1.43,"",1.4355,483.548765853659,483548.765853659,483.548765853659,0,"belowground_4th_of_July_Beach_4thJuly_011",0,0,0,6558.294997,TRUE,11
"4th of July Beach ",102,1,12,"7/5/19",53.8,14,1.317,1.279,"",1.298,499.288505576208,499288.505576208,499.288505576208,0,"belowground_4th_of_July_Beach_4thJuly_012",0,0,0,5207.62892,TRUE,12
"4th of July Beach ",103,1,13,"7/5/19",60.2,14,1.383,1.386,"",1.3845,476.267755813953,476267.755813954,476.267755813953,0,"belowground_4th_of_July_Beach_4thJuly_013",0,0,0,6579.163395,TRUE,13
"4th of July Beach ",104,1,14,"7/5/19",53.7,14,1.284,1.234,"",1.259,485.024837988827,485024.837988827,485.024837988827,0,"belowground_4th_of_July_Beach_4thJuly_014",0,0,0,4140.37791,TRUE,14
"4th of July Beach ",105,1,15,"7/5/19",54.5,14,1.225,1.223,"",1.224,464.470216513762,464470.216513762,464.470216513762,0,"belowground_4th_of_July_Beach_4thJuly_015",0,0,0,3445.117601,TRUE,15
"4th of July Beach ",106,2,1,"7/5/19",54.2,14,0.997,0.976,"",0.9865,375.370466789668,375370.466789668,375.370466789668,0,"belowground_4th_of_July_Beach_4thJuly_016",0,0,0,7224.174515,TRUE,16
"4th of July Beach ",107,2,2,"7/5/19",55.8,14,1.052,1.115,"",1.0835,400.973811827957,400973.811827957,400.973811827957,0,"belowground_4th_of_July_Beach_4thJuly_017",1,0.820828462,27.37449152,3307.608736,TRUE,17
"4th of July Beach ",108,2,3,"7/5/19",64.7,14,0.904,0.914,"",0.909,289.393567233385,289393.567233385,289.393567233385,0,"belowground_4th_of_July_Beach_4thJuly_018",1,18.38720412,745.9787142,3311.074817,TRUE,18
"4th of July Beach ",109,2,4,"7/5/19",52.2,14,1.201,1.2,"",1.2005,475.517281609195,475517.281609195,475.517281609195,0,"belowground_4th_of_July_Beach_4thJuly_019",1,0.806088599,23.6944768,2915.743798,TRUE,19
"4th of July Beach ",110,2,5,"7/5/19",57.7,14,1.308,1.308,"",1.308,469.166786828423,469166.786828423,469.166786828423,0,"belowground_4th_of_July_Beach_4thJuly_020",1,0.53008629,15.2989376,2870.823169,TRUE,20
"4th of July Beach ",111,2,6,"7/5/19",54.8,14,1.052,1.049,"",1.0505,395.692921532847,395692.921532847,395.692921532847,0,"belowground_4th_of_July_Beach_4thJuly_021",0,0,0,4574.463242,TRUE,21
"4th of July Beach ",112,2,7,"7/5/19",56.8,14,1.081,1.028,"extra 4.7 ml of ethanol",1.0545,383.233325704225,383233.325704225,383.233325704225,0,"belowground_4th_of_July_Beach_4thJuly_022",0,0,0,3820.394607,TRUE,22
"4th of July Beach ",113,2,8,"7/5/19",53,14,1.132,1.09,"",1.111,433.012154716981,433012.154716981,433.012154716981,0,"belowground_4th_of_July_Beach_4thJuly_023",0,0,0,1908.377971,TRUE,23
"4th of July Beach ",114,2,9,"7/5/19",63.9,14,1.311,1.293,"",1.302,421.680788732394,421680.788732394,421.680788732394,0,"belowground_4th_of_July_Beach_4thJuly_024",0,0,0,4744.63381,TRUE,24
"4th of July Beach ",115,2,10,"7/5/19",53.4,14,0.935,0.991,"",0.963,371.787539325843,371787.539325843,371.787539325843,0,"belowground_4th_of_July_Beach_4thJuly_025",0,0,0,4951.798684,TRUE,25
"4th of July Beach ",116,2,11,"7/5/19",55.2,14,0.99,1.047,"",1.0185,380.697929347826,380697.929347826,380.697929347826,0,"belowground_4th_of_July_Beach_4thJuly_026",1,3.549191581,239.3969126,6505.714113,TRUE,26
"4th of July Beach ",117,2,12,"7/5/19",61.6,14,1.304,1.239,"",1.2715,427.067147727273,427067.147727273,427.067147727273,0,"belowground_4th_of_July_Beach_4thJuly_027",0,0,0,4611.507884,TRUE,27
"4th of July Beach ",118,2,13,"7/5/19",54.3,14,0.986,0.961,"",0.9735,369.670657458564,369670.657458564,369.670657458564,0,"belowground_4th_of_July_Beach_4thJuly_028",1,0.227797737,13.79241472,6040.883489,TRUE,28
"4th of July Beach ",119,2,14,"7/5/19",57.4,14,1.224,1.192,"",1.208,435.172536585366,435172.536585366,435.172536585366,0,"belowground_4th_of_July_Beach_4thJuly_029",1,0.192951394,8.3775616,4333.421379,TRUE,29
"4th of July Beach ",120,2,15,"7/5/19",55.3,14,1.049,1.049,"",1.049,391.547772151899,391547.772151899,391.547772151899,0,"belowground_4th_of_July_Beach_4thJuly_030",0,0,0,6029.313106,TRUE,30
"4th of July Beach ",121,3,1,"7/5/19",56.8,14,0.919,0.903,"",0.911,330.380355633803,330380.355633803,330.380355633803,0,"belowground_4th_of_July_Beach_4thJuly_031",1,6.61315254,300.4236736,4242.397194,TRUE,31
"4th of July Beach ",122,3,2,"7/5/19",54.3,14,1.044,1.046,"extra 4.7ml of ethanol",1.045,397.217513812155,397217.513812155,397.217513812155,0,"belowground_4th_of_July_Beach_4thJuly_032",1,0.005198503,0.2337088,4495.460678,TRUE,32
"4th of July Beach ",123,3,3,"7/5/19",54.9,14,1.242,1.251,"",1.2465,469.659950819672,469659.950819672,469.659950819672,0,"belowground_4th_of_July_Beach_4thJuly_033",0,0,0,7350.948954,TRUE,33
"4th of July Beach ",124,3,4,"7/5/19",62.1,14,1.349,1.366,"",1.3575,452.600217391304,452600.217391304,452.600217391304,0,"belowground_4th_of_July_Beach_4thJuly_034",1,0.067817233,3.7033856,5457.129244,TRUE,34
"4th of July Beach ",125,3,5,"7/5/19",55.7,14,1.296,1.273,"",1.2845,477.186694793537,477186.694793537,477.186694793537,0,"belowground_4th_of_July_Beach_4thJuly_035",0,0,0,4885.058641,TRUE,35
"4th of July Beach ",126,3,6,"7/5/19",58.8,14,1.364,1.373,"",1.3685,481.914892857143,481914.892857143,481.914892857143,0,"belowground_4th_of_July_Beach_4thJuly_036",0,0,0,2850.467132,TRUE,36
"4th of July Beach ",127,3,7,"7/5/19",52.7,14,1.17,1.171,"",1.1705,459.096700189753,459096.700189753,459.096700189753,0,"belowground_4th_of_July_Beach_4thJuly_037",0,0,0,5139.146849,TRUE,37
"4th of July Beach ",128,3,8,"7/5/19",53.9,14,1.151,1.16,"",1.1555,443.053675324675,443053.675324675,443.053675324675,0,"belowground_4th_of_July_Beach_4thJuly_038",1,0.416372542,20.05221504,4795.878959,TRUE,38
"4th of July Beach ",129,3,9,"7/5/19",56,14,1.184,1.169,"",1.1765,434.2842375,434284.2375,434.2842375,0,"belowground_4th_of_July_Beach_4thJuly_039",0,0,0,4990.944908,TRUE,39
"4th of July Beach ",130,3,10,"7/5/19",52.3,14,1.045,1.044,"",1.0445,412.20747418738,412207.47418738,412.20747418738,0,"belowground_4th_of_July_Beach_4thJuly_040",0,0,0,1877.853804,TRUE,40
"4th of July Beach ",131,3,11,"7/5/19",54.5,14,1.158,1.159,"",1.1585,439.327590825688,439327.590825688,439.327590825688,0,"belowground_4th_of_July_Beach_4thJuly_041",0,0,0,4928.420612,TRUE,41
"4th of July Beach ",132,3,12,"7/5/19",58.9,14,1.278,1.273,"",1.2755,448.064806451613,448064.806451613,448.064806451613,0,"belowground_4th_of_July_Beach_4thJuly_042",0,0,0,6206.298982,TRUE,42
"4th of July Beach ",133,3,13,"7/5/19",55.2,14,1.079,1.071,"",1.075,402.110815217391,402110.815217391,402.110815217391,0,"belowground_4th_of_July_Beach_4thJuly_043",0,0,0,5523.889062,TRUE,43
"4th of July Beach ",134,3,14,"7/5/19",63.2,14,1.136,1.153,"",1.1445,374.216311708861,374216.311708861,374.216311708861,0,"belowground_4th_of_July_Beach_4thJuly_044",0,0,0,5858.157365,TRUE,44
"4th of July Beach ",135,3,15,"7/5/19",54.2,14,0.988,0.994,"",0.991,377.107383763838,377107.383763838,377.107383763838,0,"belowground_4th_of_July_Beach_4thJuly_045",1,0.167069725,10.1034112,6037.318531,TRUE,45
