"Month","Transect","Shoot","Subshoot","TotalLeaves","Leaf","SampleId","OldAreaMm2","NewAreaMm2","Mm2LD","SpProdMm2","Prevalence","Severity","LesionArea","HealthyArea","BladeArea"
"July","A",1,"Main",4,1,"July_A_1_1",190.172,377.21,62.86833333,"0.330586696937509",0,0,0,567.382,567.382
"July","A",1,"Main",4,2,"July_A_1_2",1256.561,422.761,70.46016667,"0.0560738131057704",0,0,0,1679.322,1679.322
"July","A",1,"Main",4,3,"July_A_1_3",2532.953,141.831,23.6385,"0.00933238792824028",1,3.45385985859045,92.38329088,2582.40070912,2674.784
"July","A",1,"Main",4,4,"July_A_1_4",3060.251,0,0,"0",1,55.3460230549716,1693.727224,1366.523776,3060.251
"July","A",2,"Main",5,1,"July_A_2_1",776.526,1106.971,184.4951667,"0.237590456340161",0,0,0,1883.497,1883.497
"July","A",2,"Main",5,2,"July_A_2_2",3819.542,1090.049,181.6748333,"0.0475645596513928",0,0,0,4909.591,4909.591
"July","A",2,"Main",5,3,"July_A_2_3",6920.263,398.577,66.4295,"0.00959927390042835",1,0.198227085166502,14.5079232,7304.3320768,7318.84
"July","A",2,"Main",5,4,"July_A_2_4",5508.512,27.532,4.588666667,"0.000833013827872209",1,0.706530950982326,39.11386432,5496.93013568,5536.044
"July","A",2,"Main",5,5,"July_A_2_5",3586.682,0,0,"0",1,8.35328286143015,299.6056928,3287.0763072,3586.682
"July","A",3,"Main",3,1,"July_A_3_1",1216.655,759.639,126.6065,"0.1040611348328",0,0,0,1976.294,1976.294
"July","A",3,"Main",3,2,"July_A_3_2",2537.87,409.818,68.303,"0.0269135140885861",0,0,0,2947.688,2947.688
"July","A",3,"Main",3,3,"July_A_3_3",2506.537,146.6,24.43333333,"0.00974784466776273",1,2.00636731537045,53.2316736,2599.9053264,2653.137
"July","A",4,"Main",5,1,"July_A_4_1",78.928,415.241,69.20683333,"0.876835005701399",0,0,0,494.169,494.169
"July","A",4,"Main",5,2,"July_A_4_2",1161.638,502.728,83.788,"0.0721291831017925",0,0,0,1664.366,1664.366
"July","A",4,"Main",5,3,"July_A_4_3",2307.505,370.467,61.7445,"0.0267581218675583",1,0.432326193104334,11.5775744,2666.3944256,2677.972
"July","A",4,"Main",5,4,"July_A_4_4",3029.211,32.457,5.4095,"0.00178577854101283",1,0.0322950757560911,0.988768,3060.679232,3061.668
"July","A",4,"Main",5,5,"July_A_4_5",871.481,0,0,"0",1,8.38911071153588,73.10950592,798.37149408,871.481
"July","A",5,"Main",5,1,"July_A_5_1",379.739,317.839,52.97316667,"0.139498883891304",0,0,0,697.578,697.578
"July","A",5,"Main",5,2,"July_A_5_2",1246.504,343.46,57.24333333,"0.0459231044023926",0,0,0,1589.964,1589.964
"July","A",5,"Main",5,3,"July_A_5_3",1870.836,129.348,21.558,"0.0115231907019108",0,0,0,2000.184,2000.184
"July","A",5,"Main",5,4,"July_A_5_4",1889.501,0,0,"0",1,17.3239464175991,327.3361408,1562.1648592,1889.501
"July","A",5,"Main",5,5,"July_A_5_5",1421.292,0,0,"0",1,16.8873769499864,240.0189376,1181.2730624,1421.292
"July","A",6,"Main",3,1,"July_A_6_1",601.546,27.265,4.544166667,"0.00755414659394294",1,22.9787904791742,144.4931622,484.3178378,628.811
"July","A",6,"Main",3,2,"July_A_6_2",1291.811,26.141,4.356833333,"0.00337265539076537",1,0.506064682173554,6.6696896,1311.2823104,1317.952
"July","A",6,"Main",3,3,"July_A_6_3",1506.536,0,0,"0",1,21.4820324904284,323.634553,1182.901447,1506.536
"July","A",7,"Main",5,1,"July_A_7_1",963.251,585.181,97.53016667,"0.101251041182412",0,0,0,1548.432,1548.432
"July","A",7,"Main",5,2,"July_A_7_2",2176.966,410.76,68.46,"0.0314474364781076",1,0.266774704895341,6.9033984,2580.8226016,2587.726
"July","A",7,"Main",5,3,"July_A_7_3",2249.621,46.108,7.684666667,"0.00341598281088237",1,0.36491944824498,8.3775616,2287.3514384,2295.729
"July","A",7,"Main",5,4,"July_A_7_4",2138.393,0,0,"0",1,43.6595482308444,933.6127232,1204.7802768,2138.393
"July","A",7,"Main",5,5,"July_A_7_5",411.866,0,0,"0",1,408.113859604823,1680.882229,-1269.016229,411.866
"July","A",8,"Main",4,1,"July_A_8_1",248.399,404.084,67.34733333,"0.27112562180202",0,0,0,652.483,652.483
"July","A",8,"Main",4,2,"July_A_8_2",1428.453,453.707,75.61783333,"0.052936871797672",0,0,0,1882.16,1882.16
"July","A",8,"Main",4,3,"July_A_8_3",2705.281,194.017,32.33616667,"0.0119529788846334",0,0,0,2899.298,2899.298
"July","A",8,"Main",4,4,"July_A_8_4",3041.358,26.112,4.352,"0.00143093973152782",1,12.9363796483747,396.8195648,2670.6504352,3067.47
"July","A",9,"Main",5,1,"July_A_9_1",0,45.623,7.603833333,"",0,0,0,45.623,45.623
"July","A",9,"Main",5,2,"July_A_9_2",938.517,678.715,113.1191667,"0.120529693868092",0,0,0,1617.232,1617.232
"July","A",9,"Main",5,3,"July_A_9_3",2498.319,663.155,110.5258333,"0.0442400803500274",1,0.0841596293374546,2.6606848,3158.8133152,3161.474
"July","A",9,"Main",5,4,"July_A_9_4",3200.841,134.281,22.38016667,"0.00699196450870256",0,0,0,3335.122,3335.122
"July","A",9,"Main",5,5,"July_A_9_5",1505.238,19.491,3.2485,"0.0021581304750478",0,0,0,1524.729,1524.729
"July","A",13,"Main",4,1,"July_A_13_1",495.244,515.04,85.84,"0.173328702619315",1,1.43726986867059,14.52050752,995.76349248,1010.284
"July","A",13,"Main",4,2,"July_A_13_2",1765.24,527.338,87.88966667,"0.0497890749529809",1,0.544132266819275,12.47465664,2280.10334336,2292.578
"July","A",13,"Main",4,3,"July_A_13_3",3109.925,80.048,13.34133333,"0.0042899212456892",1,7.76481094981055,247.6953728,2942.2776272,3189.973
"July","A",13,"Main",4,4,"July_A_13_4",2914.042,26.557,4.426166667,"0.00151890970239962",1,6.14494702949977,180.6982509,2759.9007491,2940.599
"July","A",14,"Main",5,1,"July_A_14_1",495.727,471.88,78.64666667,"0.158649148967073",0,0,0,967.607,967.607
"July","A",14,"Main",5,2,"July_A_14_2",1577.719,478.168,79.69466667,"0.0505125859991545",0,0,0,2055.887,2055.887
"July","A",14,"Main",5,3,"July_A_14_3",2219.519,214.499,35.74983333,"0.0161070183810096",0,0,0,2434.018,2434.018
"July","A",14,"Main",5,4,"July_A_14_4",1277.674,0,0,"0",0,0,0,1277.674,1277.674
"July","A",14,"Main",5,5,"July_A_14_5",712.463,0,0,"0",1,3.14655879673751,22.4180672,690.0449328,712.463
"July","A",15,"Main",5,1,"July_A_15_1",65.294,210.459,35.0765,"0.537208625601127",0,0,0,275.753,275.753
"July","A",15,"Main",5,2,"July_A_15_2",1280.703,413.702,68.95033333,"0.0538378791413778",0,0,0,1694.405,1694.405
"July","A",15,"Main",5,3,"July_A_15_3",2611.533,382.888,63.81466667,"0.0244357113886748",0,0,0,2994.421,2994.421
"July","A",15,"Main",5,4,"July_A_15_4",3556.356,41.552,6.925333333,"0.00194731161137974",1,11.8881543663707,427.724857,3170.183143,3597.908
"July","A",15,"Main",5,5,"July_A_15_5",2772.758,0,0,"0",0,0,0,2772.758,2772.758
"July","A",16,"Main",5,1,"July_A_16_1",0,64.547,10.75783333,"",0,0,0,64.547,64.547
"July","A",16,"Main",5,2,"July_A_16_2",926.594,492.805,82.13416667,"0.0886409437898368",1,0.192517762799607,2.7325952,1416.6664048,1419.399
"July","A",16,"Main",5,3,"July_A_16_3",2188.265,424.333,70.72216667,"0.0323188309779666",1,1.0059509132289,26.28145344,2586.31654656,2612.598
"July","A",16,"Main",5,4,"July_A_16_4",3207.631,15.499,2.583166667,"0.000805319148929537",1,15.1179215141803,487.2702637,2735.8597363,3223.13
"July","A",16,"Main",5,5,"July_A_16_5",2831.304,0,0,"0",1,54.1303863166936,1532.595793,1298.708207,2831.304
"July","A",17,"Main",3,1,"July_A_17_1",367.457,352.81,58.80166667,"0.160023258966355",0,0,0,720.267,720.267
"July","A",17,"Main",3,2,"July_A_17_2",1839.722,372.544,62.09066667,"0.0337500267268642",1,0.576888052340903,12.76229824,2199.50370176,2212.266
"July","A",17,"Main",3,3,"July_A_17_3",2881.165,43.099,7.183166667,"0.00249314658028957",1,12.9767618894874,379.4747763,2544.7892237,2924.264
"July","A",18,"Main",4,1,"July_A_18_1",255.91,217.276,36.21266667,"0.141505477199015",1,28.3467117370336,134.1326714,339.0533286,473.186
"July","A",18,"Main",4,2,"July_A_18_2",1122.101,240.616,40.10266667,"0.0357389100179039",1,0.0506590759490048,0.69033984,1362.02666016,1362.717
"July","A",18,"Main",4,3,"July_A_18_3",1421.179,0,0,"0",1,0.885484516728716,12.58432,1408.59468,1421.179
"July","A",18,"Main",4,4,"July_A_18_4",1493.166,0,0,"0",0,0,0,1493.166,1493.166
"July","A",19,"Main",4,1,"July_A_19_1",49.191,198.077,33.01283333,"0.671115312353886",0,0,0,247.268,247.268
"July","A",19,"Main",4,2,"July_A_19_2",771.656,265.969,44.32816667,"0.0574455024907472",0,0,0,1037.625,1037.625
"July","A",19,"Main",4,3,"July_A_19_3",1768.517,169.543,28.25716667,"0.0159778880666683",1,1.2954973612788,25.10751616,1912.95248384,1938.06
"July","A",19,"Main",4,4,"July_A_19_4",1951.334,14.632,2.438666667,"0.00124974333814713",1,14.177036713758,278.7157216,1687.2502784,1965.966
"July","A",20,"Main",4,1,"July_A_20_1",93.349,217.917,36.3195,"0.389072191453577",0,0,0,311.266,311.266
"July","A",20,"Main",4,2,"July_A_20_2",917.448,310.605,51.7675,"0.0564255412840837",1,0.120040682283257,1.4741632,1226.5788368,1228.053
"July","A",20,"Main",4,3,"July_A_20_3",1728.682,127.665,21.2775,"0.0123085101829023",1,19.9467573519391,370.2810317,1486.0659683,1856.347
"July","A",20,"Main",4,4,"July_A_20_4",1762.689,0,0,"0",1,7.2982759749451,128.6459078,1634.0430922,1762.689
"July","A",22,"Main",4,1,"July_A_22_1",548.972,401.201,66.86683333,"0.121803722831037",0,0,0,950.173,950.173
"July","A",22,"Main",4,2,"July_A_22_2",624.498,368.289,61.3815,"0.0982893460027094",1,6.96333282365704,69.13106304,923.65593696,992.787
"July","A",22,"Main",4,3,"July_A_22_3",2312.88,69.996,11.666,"0.0050439279167099",1,13.1156547550103,312.5297894,2070.3462106,2382.876
"July","A",22,"Main",4,4,"July_A_22_4",2958.695,20.14,3.356666667,"0.00113450918969343",1,57.1740469008857,1703.12052,1275.71448,2978.835
"July","A",23,"Main",4,2,"July_A_23_2",2316.156,570.212,95.03533333,"0.0410314906811113",0,0,0,2886.368,2886.368
"July","A",23,"Main",4,3,"July_A_23_3",3840.788,144.831,24.1385,"0.00628477801951058",1,1.05097371324254,41.887808,3943.731192,3985.619
"July","A",23,"Main",4,4,"July_A_23_4",4121.17,17.127,2.8545,"0.000692643108631772",1,3.76277440212725,155.7147802,3982.5822198,4138.297
"July","A",24,"Main",3,1,"July_A_24_1",741.15,213.841,35.64016667,"0.0480876565742427",0,0,0,954.991,954.991
"July","A",24,"Main",3,2,"July_A_24_2",1932.233,93.417,15.5695,"0.00805777564092943",1,24.484822916101,495.9768154,1529.6731846,2025.65
"July","A",24,"Main",3,3,"July_A_24_3",2408.372,0,0,"0",1,63.7131341835896,1534.449284,873.922716,2408.372
"July","A",26,"Main",5,1,"July_A_26_1",0,31.554,5.259,"",1,3.7545916207137,1.18472384,30.36927616,31.554
"July","A",26,"Main",5,2,"July_A_26_2",943.5,536.615,89.43583333,"0.0947915562586115",0,0,0,1480.115,1480.115
"July","A",26,"Main",5,3,"July_A_26_3",2196.439,517.3,86.21666667,"0.039252930161047",0,0,0,2713.739,2713.739
"July","A",26,"Main",5,4,"July_A_26_4",3315.848,86.678,14.44633333,"0.00435675378666332",1,0.181227617364276,6.1663168,3396.3596832,3402.526
"July","A",26,"Main",5,5,"July_A_26_5",1369.179,14.535,2.4225,"0.00176930846879772",1,4.39528839052001,60.8182208,1322.8957792,1383.714
"July","A",27,"Main",5,1,"July_A_27_1",74.904,207.835,34.63916667,"0.462447488385133",0,0,0,282.739,282.739
"July","A",27,"Main",5,2,"July_A_27_2",1937.728,0,0,"0",1,0.28538111437725,5.52990976,1932.19809024,1937.728
"July","A",27,"Main",5,3,"July_A_27_3",1249.895,228.968,38.16133333,"0.030531631321031",1,0.482607733103066,7.1371072,1471.7258928,1478.863
"July","A",27,"Main",5,4,"July_A_27_4",1875.122,20.297,3.382833333,"0.00180406039340374",1,8.80186006365875,166.832128,1728.586872,1895.419
"July","A",27,"Main",5,5,"July_A_27_5",1153.309,0,0,"0",1,21.495480066487,247.9093062,905.3996938,1153.309
"July","A",28,"Main",3,1,"July_A_28_1",681.524,316.739,52.78983333,"0.0774585096489632",1,1.02164384335591,10.19869248,988.06430752,998.263
"July","A",28,"Main",3,2,"July_A_28_2",2176.681,282.19,47.03166667,"0.0216070552690082",1,0.541549691708105,13.31600832,2445.55499168,2458.871
"July","A",28,"Main",3,3,"July_A_28_3",3184.836,0,0,"0",1,35.4241871794968,1128.202266,2056.633734,3184.836
"July","A",29,"Main",5,1,"July_A_29_1",0,37.001,6.166833333,"",0,0,0,37.001,37.001
"July","A",29,"Main",5,2,"July_A_29_2",830.079,325.583,54.26383333,"0.0653718903020074",0,0,0,1155.662,1155.662
"July","A",29,"Main",5,3,"July_A_29_3",1464.989,225.055,37.50916667,"0.0256037189835555",1,0.131903216720985,2.2292224,1687.8147776,1690.044
"July","A",29,"Main",5,4,"July_A_29_4",1959.006,0,0,"0",1,13.6510959537643,267.4257888,1691.5802112,1959.006
"July","A",29,"Main",5,5,"July_A_29_5",1253.899,0,0,"0",1,53.6959898444771,673.2934797,580.6055203,1253.899
"July","A",30,"Main",4,1,"July_A_30_1",297.142,398.878,66.47966667,"0.22373029282296",1,2.12315554150743,14.7775872,681.2424128,696.02
"July","A",30,"Main",4,2,"July_A_30_2",1052.431,394.754,65.79233333,"0.0625146288260228",0,0,0,1447.185,1447.185
"July","A",30,"Main",4,3,"July_A_30_3",1729.902,67.354,11.22566667,"0.00648919226060205",0,0,0,1797.256,1797.256
"July","A",30,"Main",4,4,"July_A_30_4",1757.226,0,0,"0",1,44.1088192241635,775.0916397,982.1343603,1757.226
"July","A",10,"Main",4,1,"July_A_10_1",903.481,583.349,97.22483333,"0.107611375701315",0,0,0,1486.83,1486.83
"July","A",10,"Main",4,2,"July_A_10_2",2786.506,632.203,105.3671667,"0.037813364371008",0,0,0,3418.709,3418.709
"July","A",10,"Main",4,3,"July_A_10_3",4593.896,259.326,43.221,"0.00940835404197222",1,0.0203734343905966,0.988768,4852.233232,4853.222
"July","A",10,"Main",4,4,"July_A_10_4",5325.42,45.811,7.635166667,"0.00143372103364617",0,0,0,5371.231,5371.231
"July","A",12,"Main",4,1,"July_A_12_1",710.952,430.818,71.803,"0.100995566508006",0,0,0,1141.77,1141.77
"July","A",12,"Main",4,2,"July_A_12_2",1521.499,380.384,63.39733333,"0.0416676799196056",0,0,0,1901.883,1901.883
"July","A",12,"Main",4,3,"July_A_12_3",1984.561,30.455,5.075833333,"0.0025576605269377",0,0,0,2015.016,2015.016
"July","A",12,"Main",4,4,"July_A_12_4",1334.257,0,0,"0",1,7.90498242842271,105.4727814,1228.7842186,1334.257
"July","B",1,"Main",5,1,"July_B_1_1",0,261.245,43.54083333,"",0,0,0,261.245,261.245
"July","B",1,"Main",5,2,"July_B_1_2",1341.33,595.487,99.24783333,"0.0739921073337658",0,0,0,1936.817,1936.817
"July","B",1,"Main",5,3,"July_B_1_3",2648.537,368.918,61.48633333,"0.0232152064819181",1,0.106645845588418,3.2179904,3014.2370096,3017.455
"July","B",1,"Main",5,4,"July_B_1_4",2227.921,37.186,6.197666667,"0.00278181617166856",0,0,0,2265.107,2265.107
"July","B",1,"Main",5,5,"July_B_1_5",2809.743,0,0,"0",1,3.49309205290306,98.14690944,2711.59609056,2809.743
"July","B",2,"Main",5,1,"July_B_2_1",738.134,663.06,110.51,"0.149715363335113",0,0,0,1401.194,1401.194
"July","B",2,"Main",5,2,"July_B_2_2",2002.572,565.498,94.24966667,"0.0470643086340966",0,0,0,2568.07,2568.07
"July","B",2,"Main",5,3,"July_B_2_3",1484.536,86.716,14.45266667,"0.00973547739495708",1,0.300913462639984,4.7281088,1566.5238912,1571.252
"July","B",2,"Main",5,4,"July_B_2_4",1621.233,16.508,2.751333333,"0.00169706225631973",0,0,0,1637.741,1637.741
"July","B",2,"Main",5,5,"July_B_2_5",803.932,0,0,"0",0,0,0,803.932,803.932
"July","B",3,"Main",5,1,"July_B_3_1",0,297.447,49.5745,"",0,0,0,297.447,297.447
"July","B",3,"Main",5,2,"July_B_3_2",617.086,411.343,68.55716667,"0.111098236988037",0,0,0,1028.429,1028.429
"July","B",3,"Main",5,3,"July_B_3_3",1530.221,184.275,30.7125,"0.0200706303207184",0,0,0,1714.496,1714.496
"July","B",3,"Main",5,4,"July_B_3_4",1610.914,0,0,"0",1,22.6305539339779,364.5587616,1246.3552384,1610.914
"July","B",3,"Main",5,5,"July_B_3_5",668.484,0,0,"0",1,16.5177355329372,110.4184192,558.0655808,668.484
"July","B",4,"Main",5,1,"July_B_4_1",300.295,248.67,41.445,"0.138014285952147",0,0,0,548.965,548.965
"July","B",4,"Main",5,2,"July_B_4_2",2432.572,387.034,64.50566667,"0.0265174747838913",1,0.0309870017300289,0.87371136,2818.73228864,2819.606
"July","B",4,"Main",5,3,"July_B_4_3",5112.342,311.38,51.89666667,"0.010151250966778",0,0,0,5423.722,5423.722
"July","B",4,"Main",5,4,"July_B_4_4",6553.095,82.822,13.80366667,"0.0021064346953615",1,0.234069329076901,15.5326464,6620.3843536,6635.917
"July","B",4,"Main",5,5,"July_B_4_5",6689.861,44.013,7.3355,"0.00109651007696572",1,33.4858153716568,2254.892615,4478.981385,6733.874
"July","B",5,"Main",4,1,"July_B_5_1",481.48,513.24,85.54,"0.177660546647836",0,0,0,994.72,994.72
"July","B",5,"Main",4,2,"July_B_5_2",1857.2,592.973,98.82883333,"0.0532138882888219",1,0.513609447169649,12.58432,2437.58868,2450.173
"July","B",5,"Main",4,3,"July_B_5_3",3155.743,200.459,33.40983333,"0.0105869943560043",1,12.2851502442344,412.3144582,2943.8875418,3356.202
"July","B",5,"Main",4,4,"July_B_5_4",3332.404,0,0,"0",1,33.3845422403766,1112.507821,2219.896179,3332.404
"July","B",6,"Main",2,1,"July_B_6_1",520.1,72.593,12.09883333,"0.0232625136127668",0,0,0,592.693,592.693
"July","B",6,"Main",2,2,"July_B_6_2",325.305,86.06,14.34333333,"0.0440919547194172",0,0,0,411.365,411.365
"July","B",7,"Main",6,1,"July_B_7_1",0,110.494,18.41566667,"",0,0,0,110.494,110.494
"July","B",7,"Main",6,2,"July_B_7_2",1043.82,896.939,149.4898333,"0.143214187599395",0,0,0,1940.759,1940.759
"July","B",7,"Main",6,3,"July_B_7_3",3127.286,993.575,165.5958333,"0.0529519312592452",1,1.77077262251748,72.9710784,4047.8899216,4120.861
"July","B",7,"Main",6,4,"July_B_7_4",5030.204,303.297,50.5495,"0.0100491948239077",1,2.65583724274168,141.6491059,5191.8518941,5333.501
"July","B",7,"Main",6,5,"July_B_7_5",6012.611,57.239,9.539833333,"0.00158663737484431",1,32.4415141560335,1969.151247,4100.698753,6069.85
"July","B",7,"Main",6,6,"July_B_7_6",6425.389,0,0,"0",1,55.235818702961,3549.116219,2876.272781,6425.389
"July","B",9,"Main",4,1,"July_B_9_1",162.212,311.996,51.99933333,"0.320564035521416",0,0,0,474.208,474.208
"July","B",9,"Main",4,2,"July_B_9_2",1077.55,406.263,67.7105,"0.0628374553384994",0,0,0,1483.813,1483.813
"July","B",9,"Main",4,3,"July_B_9_3",2136.783,105.76,17.62666667,"0.00824916085068067",1,2.15486565029076,48.3237888,2194.2192112,2242.543
"July","B",9,"Main",4,4,"July_B_9_4",2289.947,0,0,"0",1,34.8917964214892,799.0036454,1490.9433546,2289.947
"July","B",10,"Main",4,1,"July_B_10_1",0,227.24,37.87333333,"",0,0,0,227.24,227.24
"July","B",10,"Main",4,2,"July_B_10_2",719.145,666.211,111.0351667,"0.15439885794937",0,0,0,1385.356,1385.356
"July","B",10,"Main",4,3,"July_B_10_3",2422.422,599.818,99.96966667,"0.0412684770324906",1,3.43165249616179,103.7127744,2918.5272256,3022.24
"July","B",10,"Main",4,4,"July_B_10_4",3754.086,68.842,11.47366667,"0.00305631428528808",1,27.2379642253268,1041.287761,2781.640239,3822.928
"July","B",11,"Main",3,1,"July_B_11_1",1000.969,787.705,131.2841667,"0.131157075493846",0,0,0,1788.674,1788.674
"July","B",11,"Main",3,2,"July_B_11_2",3443.821,595.369,99.22816667,"0.0288133926443912",1,0.622665989963334,25.1506624,4014.0393376,4039.19
"July","B",11,"Main",3,3,"July_B_11_3",4101.891,43.631,7.271833333,"0.00177280023603748",1,11.3760677666166,471.597392,3673.924608,4145.522
"July","B",12,"Main",4,1,"July_B_12_1",990.05,691.887,115.3145,"0.116473410433816",0,0,0,1681.937,1681.937
"July","B",12,"Main",4,2,"July_B_12_2",1479.597,600.617,100.1028333,"0.0676554719291807",0,0,0,2080.214,2080.214
"July","B",12,"Main",4,3,"July_B_12_3",4158.25,0,0,"0",1,5.24029800517044,217.9046918,3940.3453082,4158.25
"July","B",12,"Main",4,4,"July_B_12_4",3352.681,0,0,"0",1,49.634693786853,1664.092948,1688.588052,3352.681
"July","B",14,"Main",4,1,"July_B_14_1",16.024,326.357,54.39283333,"3.3944603925362",0,0,0,342.381,342.381
"July","B",14,"Main",4,2,"July_B_14_2",1346.892,412.121,68.68683333,"0.0509965411703388",1,1.90505962150365,33.5102464,1725.5027536,1759.013
"July","B",14,"Main",4,3,"July_B_14_3",2841.166,134.781,22.4635,"0.00790643700508875",1,1.2016089049973,35.75924416,2940.18775584,2975.947
"July","B",14,"Main",4,4,"July_B_14_4",3281.049,0,0,"0",1,44.8954951907149,1473.043196,1808.005804,3281.049
"July","B",15,"Main",4,1,"July_B_15_1",10.846,64.258,10.70966667,"0.987430082057902",0,0,0,75.104,75.104
"July","B",15,"Main",4,2,"July_B_15_2",771.713,98.558,16.42633333,"0.0212855469973941",1,0.396623488545522,3.4516992,866.8193008,870.271
"July","B",15,"Main",4,3,"July_B_15_3",1263.378,59.62,9.936666667,"0.00786515727438661",0,0,0,1322.998,1322.998
"July","B",15,"Main",4,4,"July_B_15_4",1330.694,0,0,"0",1,1.81708732435857,24.179872,1306.514128,1330.694
"July","B",16,"Main",4,1,"July_B_16_1",161.698,502.928,83.82133333,"0.518382004291952",1,1.74737816456172,11.6135296,653.0124704,664.626
"July","B",16,"Main",4,2,"July_B_16_2",1863.87,551.331,91.8885,"0.0492998438732315",1,0.527820092820432,12.74791616,2402.45308384,2415.201
"July","B",16,"Main",4,3,"July_B_16_3",3567.603,220.678,36.77966667,"0.0103093496305503",1,0.195992557046323,7.4247488,3780.8562512,3788.281
"July","B",16,"Main",4,4,"July_B_16_4",2286.109,0,0,"0",1,23.084544144658,527.7378413,1758.3711587,2286.109
"July","B",17,"Main",4,1,"July_B_17_1",204.779,402.345,67.0575,"0.327462776944902",0,0,0,607.124,607.124
"July","B",17,"Main",4,2,"July_B_17_2",1331.993,451.063,75.17716667,"0.0564396109213787",0,0,0,1783.056,1783.056
"July","B",17,"Main",4,3,"July_B_17_3",2345.846,134.562,22.427,"0.00956030361754352",1,4.1936001496528,104.0183936,2376.3896064,2480.408
"July","B",17,"Main",4,4,"July_B_17_4",2249.156,0,0,"0",1,25.6662196975221,577.2733203,1671.8826797,2249.156
"July","B",18,"Main",3,1,"July_B_18_1",425.118,664.298,110.7163333,"0.260436710042859",1,0.439944719005412,4.79282816,1084.62317184,1089.416
"July","B",18,"Main",3,2,"July_B_18_2",2678.245,467.523,77.9205,"0.0290938655724178",1,0.893231439826459,28.0989888,3117.6690112,3145.768
"July","B",18,"Main",3,3,"July_B_18_3",2360.582,0,0,"0",1,1.76456904271913,41.6540992,2318.9279008,2360.582
"July","B",19,"Main",4,1,"July_B_19_1",863.551,827.052,137.842,"0.159622303720336",0,0,0,1690.603,1690.603
"July","B",19,"Main",4,2,"July_B_19_2",2835.573,813.553,135.5921667,"0.0478182599072568",0,0,0,3649.126,3649.126
"July","B",19,"Main",4,3,"July_B_19_3",4267.075,236.135,39.35583333,"0.00922314075332634",1,2.07353542028908,93.3756544,4409.8343456,4503.21
"July","B",19,"Main",4,4,"July_B_19_4",5083.434,0,0,"0",1,0.038547926460735,1.9595584,5081.4744416,5083.434
"July","B",20,"Main",5,1,"July_B_20_1",0,79.253,13.20883333,"",0,0,0,79.253,79.253
"July","B",20,"Main",5,2,"July_B_20_2",32.843,414.486,69.081,"2.10337058125019",0,0,0,447.329,447.329
"July","B",20,"Main",5,3,"July_B_20_3",2568.935,300.061,50.01016667,"0.0194672759995874",1,0.311428360304441,8.9348672,2860.0611328,2868.996
"July","B",20,"Main",5,4,"July_B_20_4",3359.557,23.05,3.841666667,"0.00114350394025165",1,9.80379329907376,331.6237984,3050.9832016,3382.607
"July","B",20,"Main",5,5,"July_B_20_5",2072.709,0,0,"0",0,0,0,2072.709,2072.709
"July","B",23,"Main",5,1,"July_B_23_1",20.49,486.173,81.02883333,"3.95455506734993",0,0,0,506.663,506.663
"July","B",23,"Main",5,2,"July_B_23_2",1428.63,555.684,92.614,"0.0648271420871744",1,4.80081793506471,95.2633024,1889.0506976,1984.314
"July","B",23,"Main",5,3,"July_B_23_3",2779.915,319.211,53.20183333,"0.0191379352714022",1,3.0921491026825,95.8295968,3003.2964032,3099.126
"July","B",23,"Main",5,4,"July_B_23_4",1099.553,21.592,3.598666667,"0.00327284511706121",1,0.129883788448417,1.4561856,1119.6888144,1121.145
"July","B",23,"Main",5,5,"July_B_23_5",1583.268,0,0,"0",1,57.7878031135601,914.9357946,668.3322054,1583.268
"July","B",24,"Main",4,1,"July_B_24_1",30.907,459.518,76.58633333,"2.47796076390462",0,0,0,490.425,490.425
"July","B",24,"Main",4,2,"July_B_24_2",1675.544,565.116,94.186,"0.0562121913838133",1,6.11619990538502,137.0432448,2103.6167552,2240.66
"July","B",24,"Main",4,3,"July_B_24_3",3331.731,281.309,46.88483333,"0.0140722145125162",1,29.3972551092709,1062.134586,2550.905414,3613.04
"July","B",24,"Main",4,4,"July_B_24_4",1239.391,0,0,"0",1,5.45250033282475,67.5777984,1171.8132016,1239.391
"July","B",25,"Main",5,1,"July_B_25_1",587.234,686.319,114.3865,"0.194788619187581",0,0,0,1273.553,1273.553
"July","B",25,"Main",5,2,"July_B_25_2",2467.662,767.317,127.8861667,"0.0518248312370171",1,0.366000748691104,11.84004736,3223.13895264,3234.979
"July","B",25,"Main",5,3,"July_B_25_3",4125.648,194.474,32.41233333,"0.00785630119922979",1,0.32583479818394,14.0764608,4306.0455392,4320.122
"July","B",25,"Main",5,4,"July_B_25_4",2402.341,29.334,4.889,"0.00203509826456777",1,1.88597808506482,45.8608576,2385.8141424,2431.675
"July","B",25,"Main",5,5,"July_B_25_5",3040.314,0,0,"0",1,30.0319087567929,913.0643264,2127.2496736,3040.314
"July","B",26,"Main",5,1,"July_B_26_1",0,204.788,34.13133333,"",0,0,0,204.788,204.788
"July","B",26,"Main",5,2,"July_B_26_2",576.318,761.71,126.9516667,"0.220280585891817",0,0,0,1338.028,1338.028
"July","B",26,"Main",5,3,"July_B_26_3",1765.866,657.636,109.606,"0.0620692623336086",1,0.752187800959108,18.2292864,2405.2727136,2423.502
"July","B",26,"Main",5,4,"July_B_26_4",2422.619,247.44,41.24,"0.0170228995975017",1,4.90097598592391,130.8589504,2539.2000496,2670.059
"July","B",26,"Main",5,5,"July_B_26_5",2717.681,208.746,34.791,"0.0128017232338895",1,8.44811625917886,247.2279552,2679.1990448,2926.427
"July","B",27,"Main",3,1,"July_B_27_1",173.199,241.822,40.30366667,"0.232701497525967",0,0,0,415.021,415.021
"July","B",27,"Main",3,2,"July_B_27_2",861.963,189.488,31.58133333,"0.0366388503102801",1,9.96294408393734,104.7554752,946.6955248,1051.451
"July","B",27,"Main",3,3,"July_B_27_3",1140.655,0,0,"0",1,13.7623035185924,156.9804032,983.6745968,1140.655
"July","B",28,"Main",5,1,"July_B_28_1",248.842,730.446,121.741,"0.489230113887527",0,0,0,979.288,979.288
"July","B",28,"Main",5,2,"July_B_28_2",2097.612,892.646,148.7743333,"0.0709255731279188",0,0,0,2990.258,2990.258
"July","B",28,"Main",5,3,"July_B_28_3",4568.429,361.34,60.22333333,"0.0131825039482938",1,1.17023979014027,57.6901184,4872.0788816,4929.769
"July","B",28,"Main",5,4,"July_B_28_4",4550.986,39.236,6.539333333,"0.0014369047351497",1,18.391487784251,844.2101184,3746.0118816,4590.222
"July","B",28,"Main",5,5,"July_B_28_5",4207.06,0,0,"0",1,54.5346799189933,2294.306705,1912.753295,4207.06
"July","B",29,"Main",2,1,"July_B_29_1",1156.597,571.928,95.32133333,"0.0824153385578555",0,0,0,1728.525,1728.525
"July","B",29,"Main",2,2,"July_B_29_2",2695.299,457.245,76.2075,"0.0282742285735275",0,0,0,3152.544,3152.544
"July","B",30,"Main",4,1,"July_B_30_1",0,209.852,34.97533333,"",0,0,0,209.852,209.852
"July","B",30,"Main",4,2,"July_B_30_2",1182.004,0,0,"0",0,0,0,1182.004,1182.004
"July","B",30,"Main",4,3,"July_B_30_3",2001.178,0,0,"0",1,2.94964525094719,59.02765184,1942.15034816,2001.178
"July","B",30,"Main",4,4,"July_B_30_4",1947.697,0,0,"0",1,5.37205888800979,104.6314298,1843.0655702,1947.697
"July","B",22,"Main",5,1,"July_B_22_1",0,146.696,24.44933333,"",0,0,0,146.696,146.696
"July","B",22,"Main",5,2,"July_B_22_2",849.316,520.971,86.8285,"0.102233444324609",1,1.47332966013689,20.1888448,1350.0981552,1370.287
"July","B",22,"Main",5,3,"July_B_22_3",2279.941,386.247,64.3745,"0.0282351604712578",1,0.00943993446823705,0.2516864,2665.9363136,2666.188
"July","B",22,"Main",5,4,"July_B_22_4",3177.196,14.41,2.401666667,"0.000755907620115347",1,4.50903676706962,143.910688,3047.695312,3191.606
"July","B",22,"Main",5,5,"July_B_22_5",2935.463,0,0,"0",1,81.659814243954,2397.093633,538.369367,2935.463
"July","C",1,"Main",4,1,"July_C_1_1",0,107.703,17.9505,"",0,0,0,107.703,107.703
"July","C",1,"Main",4,2,"July_C_1_2",567.822,548.334,91.389,"0.160946564240202",0,0,0,1116.156,1116.156
"July","C",1,"Main",4,3,"July_C_1_3",1721.749,395.294,65.88233333,"0.0382647722345127",0,0,0,2117.043,2117.043
"July","C",1,"Main",4,4,"July_C_1_4",2882.842,0,0,"0",1,7.80992738762652,225.1478669,2657.6941331,2882.842
"July","C",2,"Main",5,1,"July_C_2_1",355.234,730.934,121.8223333,"0.342935454658056",0,0,0,1086.168,1086.168
"July","C",2,"Main",5,2,"July_C_2_2",1877.648,822.603,137.1005,"0.0730171469838862",0,0,0,2700.251,2700.251
"July","C",2,"Main",5,3,"July_C_2_3",3978.598,401.478,66.913,"0.0168182359715659",1,0.811440605140185,35.5417152,4344.5342848,4380.076
"July","C",2,"Main",5,4,"July_C_2_4",5080.799,34.114,5.685666667,"0.00111904971383438",1,0.727903086523661,37.2316096,5077.6813904,5114.913
"July","C",2,"Main",5,5,"July_C_2_5",4057.003,0,0,"0",1,13.8906879043471,563.545625,3493.457375,4057.003
"July","C",3,"Main",5,1,"July_C_3_1",177.848,478.871,79.81183333,"0.44876430058252",0,0,0,656.719,656.719
"July","C",3,"Main",5,2,"July_C_3_2",894.838,484.279,80.71316667,"0.0901986355854356",0,0,0,1379.117,1379.117
"July","C",3,"Main",5,3,"July_C_3_3",1704.837,91.649,15.27483333,"0.00895970308598417",0,0,0,1796.486,1796.486
"July","C",3,"Main",5,4,"July_C_3_4",1811.384,0,0,"0",0,0,0,1811.384,1811.384
"July","C",3,"Main",5,5,"July_C_3_5",1433.361,0,0,"0",0,0,0,1433.361,1433.361
"July","C",4,"Main",5,1,"July_C_4_1",0,75.937,12.65616667,"",0,0,0,75.937,75.937
"July","C",4,"Main",5,2,"July_C_4_2",1071.587,232.952,38.82533333,"0.0362316203257412",0,0,0,1304.539,1304.539
"July","C",4,"Main",5,3,"July_C_4_3",2087.604,174.372,29.062,"0.0139212226073527",0,0,0,2261.976,2261.976
"July","C",4,"Main",5,4,"July_C_4_4",2591.358,0,0,"0",0,0,0,2591.358,2591.358
"July","C",4,"Main",5,5,"July_C_4_5",2079.194,0,0,"0",1,44.717939153345,929.7727078,1149.4212922,2079.194
"July","C",5,"Main",4,1,"July_C_5_1",397.82,856.799,142.7998333,"0.35895589286612",0,0,0,1254.619,1254.619
"July","C",5,"Main",4,2,"July_C_5_2",2000.31,807.694,134.6156667,"0.0672974022526508",0,0,0,2808.004,2808.004
"July","C",5,"Main",4,3,"July_C_5_3",3438.961,216.597,36.0995,"0.0104972112216451",1,0.0536049051882093,1.9595584,3653.5984416,3655.558
"July","C",5,"Main",4,4,"July_C_5_4",2357.01,42.587,7.097833333,"0.00301137175192299",1,2.46679112200924,59.19304576,2340.40395424,2399.597
"July","C",6,"Main",5,1,"July_C_6_1",30.009,678.95,113.1583333,"3.77081319937352",0,0,0,708.959,708.959
"July","C",6,"Main",5,2,"July_C_6_2",1258.327,721.84,120.3066667,"0.0956084282543409",0,0,0,1980.167,1980.167
"July","C",6,"Main",5,3,"July_C_6_3",2378.169,494.594,82.43233333,"0.0346621006875458",0,0,0,2872.763,2872.763
"July","C",6,"Main",5,4,"July_C_6_4",2549.212,30.591,5.0985,"0.00200002981313441",1,7.92740297611872,204.5113798,2375.2916202,2579.803
"July","C",6,"Main",5,5,"July_C_6_5",2981.699,0,0,"0",1,21.1954509962273,631.9845504,2349.7144496,2981.699
"July","C",7,"Main",6,1,"July_C_7_1",0,400.361,66.72683333,"",0,0,0,400.361,400.361
"July","C",7,"Main",6,2,"July_C_7_2",1411.315,1155.726,192.621,"0.136483350633983",0,0,0,2567.041,2567.041
"July","C",7,"Main",6,3,"July_C_7_3",4166.339,1036.818,172.803,"0.0414759816711986",0,0,0,5203.157,5203.157
"July","C",7,"Main",6,4,"July_C_7_4",6126.623,116.917,19.48616667,"0.0031805721798126",0,0,0,6243.54,6243.54
"July","C",7,"Main",6,5,"July_C_7_5",6061.475,43.847,7.307833333,"0.00120561964422851",1,1.08919959340392,66.4991424,6038.8228576,6105.322
"July","C",7,"Main",6,6,"July_C_7_6",5607.599,0,0,"0",1,40.4090521273008,2265.977603,3341.621397,5607.599
"July","C",8,"Main",6,1,"July_C_8_1",0,365.028,60.838,"",0,0,0,365.028,365.028
"July","C",8,"Main",6,2,"July_C_8_2",1228.203,1116.294,186.049,"0.151480659141852",0,0,0,2344.497,2344.497
"July","C",8,"Main",6,3,"July_C_8_3",3251.797,1103.104,183.8506667,"0.0565381746462033",0,0,0,4354.901,4354.901
"July","C",8,"Main",6,4,"July_C_8_4",5095.449,163.739,27.28983333,"0.00535572691042536",1,3.28158947731095,172.58496,5086.60304,5259.188
"July","C",8,"Main",6,5,"July_C_8_5",4144.783,57.155,9.525833333,"0.00229827070150597",0,0,0,4201.938,4201.938
"July","C",8,"Main",6,6,"July_C_8_6",5700.768,0,0,"0",1,22.8811402779415,1304.400723,4396.367277,5700.768
"July","C",9,"Main",5,1,"July_C_9_1",0,168.759,28.1265,"",0,0,0,168.759,168.759
"July","C",9,"Main",5,2,"July_C_9_2",982.95,0,0,"0",1,2.60807341166896,25.6360576,957.3139424,982.95
"July","C",9,"Main",5,3,"July_C_9_3",918.138,376.115,62.68583333,"0.0682749579366065",0,0,0,1294.253,1294.253
"July","C",9,"Main",5,4,"July_C_9_4",1716.181,354.045,59.0075,"0.0343830283635584",0,0,0,2070.226,2070.226
"July","C",9,"Main",5,5,"July_C_9_5",1872.572,0,0,"0",0,0,0,1872.572,1872.572
"July","C",10,"Main",5,1,"July_C_10_1",400.368,697.131,116.1885,"0.290204262078887",0,0,0,1097.499,1097.499
"July","C",10,"Main",5,2,"July_C_10_2",2144.912,620.686,103.4476667,"0.0482293290820323",0,0,0,2765.598,2765.598
"July","C",10,"Main",5,3,"July_C_10_3",3566.676,170.116,28.35266667,"0.00794932499335516",0,0,0,3736.792,3736.792
"July","C",10,"Main",5,4,"July_C_10_4",3081.281,23.732,3.955333333,"0.00128366524604539",1,0.00810580825265466,0.2516864,3104.7613136,3105.013
"July","C",10,"Main",5,5,"July_C_10_5",2106.178,0,0,"0",1,18.8922120589998,397.9036141,1708.2743859,2106.178
"July","C",11,"Main",6,1,"July_C_11_1",161.031,122.127,20.3545,"0.126401127733169",0,0,0,283.158,283.158
"July","C",11,"Main",6,2,"July_C_11_2",56.656,488.602,81.43366667,"1.43733526316718",0,0,0,545.258,545.258
"July","C",11,"Main",6,3,"July_C_11_3",1772.3,569.678,94.94633333,"0.0535723824013993",0,0,0,2341.978,2341.978
"July","C",11,"Main",6,4,"July_C_11_4",3366.756,354.203,59.03383333,"0.0175343367116595",0,0,0,3720.959,3720.959
"July","C",11,"Main",6,5,"July_C_11_5",3793.872,44.025,7.3375,"0.00193403994652429",1,24.6381235556869,945.5858048,2892.3111952,3837.897
"July","C",12,"Main",5,1,"July_C_12_1",54.327,119.698,19.94966667,"0.367214583356342",1,2.42766039362161,4.224736,169.800264,174.025
"July","C",12,"Main",5,2,"July_C_12_2",1331.837,119.303,19.88383333,"0.0149296297745145",0,0,0,1451.14,1451.14
"July","C",12,"Main",5,3,"July_C_12_3",2719.913,92.362,15.39366667,"0.00565961730025924",1,0.749973609266519,21.09132032,2791.18367968,2812.275
"July","C",12,"Main",5,4,"July_C_12_4",2893.621,0,0,"0",1,1.76444613859244,51.056384,2842.564616,2893.621
"July","C",12,"Main",5,5,"July_C_12_5",2369.106,0,0,"0",1,64.1817892909815,1520.534621,848.571379,2369.106
"July","C",13,"Main",4,1,"July_C_13_1",200.912,435.545,72.59083333,"0.361306608515171",0,0,0,636.457,636.457
"July","C",13,"Main",4,2,"July_C_13_2",1454.695,476.372,79.39533333,"0.0545786802938073",0,0,0,1931.067,1931.067
"July","C",13,"Main",4,3,"July_C_13_3",2214.177,34.767,5.7945,"0.00261699945397319",1,1.14151409728299,25.6720128,2223.2719872,2248.944
"July","C",13,"Main",4,4,"July_C_13_4",2308.997,0,0,"0",1,6.09323864864268,140.6926976,2168.3043024,2308.997
"July","C",14,"Main",5,1,"July_C_14_1",180.744,802.212,133.702,"0.739731332713672",0,0,0,982.956,982.956
"July","C",14,"Main",5,2,"July_C_14_2",1941.694,822.319,137.0531667,"0.070584328272117",1,0.0266670815224096,0.7370816,2763.2759184,2764.013
"July","C",14,"Main",5,3,"July_C_14_3",3697.106,464.637,77.4395,"0.0209459777458369",0,0,0,4161.743,4161.743
"July","C",14,"Main",5,4,"July_C_14_4",4539.279,45.655,7.609166667,"0.00167629411344841",1,3.59596385902174,164.8725696,4420.0614304,4584.934
"July","C",14,"Main",5,5,"July_C_14_5",3766.686,0,0,"0",1,30.4818984645919,1148.157402,2618.528598,3766.686
"July","C",15,"Main",3,1,"July_C_15_1",52.546,247.332,41.222,"0.784493586571766",0,0,0,299.878,299.878
"July","C",15,"Main",3,2,"July_C_15_2",730.022,177.264,29.544,"0.0404700132324779",0,0,0,907.286,907.286
"July","C",15,"Main",3,3,"July_C_15_3",1307.728,0,0,"0",1,17.7304528158761,231.866096,1075.861904,1307.728
"July","C",16,"Main",4,1,"July_C_16_1",133.028,367.795,61.29916667,"0.460798979688487",0,0,0,500.823,500.823
"July","C",16,"Main",4,2,"July_C_16_2",1457.214,464.588,77.43133333,"0.0531365560103046",1,0.0607110534800151,1.16674624,1920.63525376,1921.802
"July","C",16,"Main",4,3,"July_C_16_3",2758.606,215.637,35.9395,"0.0130281381248355",1,1.26008206861376,37.47790272,2936.76509728,2974.243
"July","C",16,"Main",4,4,"July_C_16_4",3043.867,0,0,"0",1,30.103164638928,916.3002944,2127.5667056,3043.867
"July","C",17,"Main",5,1,"July_C_17_1",0,789.055,131.5091667,"",0,0,0,789.055,789.055
"July","C",17,"Main",5,2,"July_C_17_2",1906.891,1227.645,204.6075,"0.107299001358756",0,0,0,3134.536,3134.536
"July","C",17,"Main",5,3,"July_C_17_3",4506.473,545.068,90.84466667,"0.0201587065250363",0,0,0,5051.541,5051.541
"July","C",17,"Main",5,4,"July_C_17_4",5315.131,0,0,"0",1,2.58877824271876,137.5969549,5177.5340451,5315.131
"July","C",17,"Main",5,5,"July_C_17_5",4439.478,0,0,"0",1,40.29347008815,1788.81974,2650.65826,4439.478
"July","C",18,"Main",5,1,"July_C_18_1",0,336.73,56.12166667,"",0,0,0,336.73,336.73
"July","C",18,"Main",5,2,"July_C_18_2",851.612,615.24,102.54,"0.120406945886155",0,0,0,1466.852,1466.852
"July","C",18,"Main",5,3,"July_C_18_3",1843.4,510.155,85.02583333,"0.0461244620429641",0,0,0,2353.555,2353.555
"July","C",18,"Main",5,4,"July_C_18_4",2517.504,53.862,8.977,"0.00356583346044336",0,0,0,2571.366,2571.366
"July","C",18,"Main",5,5,"July_C_18_5",2209.236,18.482,3.080333333,"0.0013942979984936",1,1.01681523424419,22.651776,2205.066224,2227.718
"July","C",19,"Main",5,2,"July_C_19_2",2646.592,936.645,156.1075,"0.058984346661669",0,0,0,3583.237,3583.237
"July","C",19,"Main",5,3,"July_C_19_3",4644.515,296.985,49.4975,"0.0106571945617573",0,0,0,4941.5,4941.5
"July","C",19,"Main",5,4,"July_C_19_4",4554.002,30.688,5.114666667,"0.00112311471690175",1,10.5500552491008,483.687328,4101.002672,4584.69
"July","C",19,"Main",5,5,"July_C_19_5",3747.84,0,0,"0",1,62.3562023992486,2337.010696,1410.829304,3747.84
"July","C",20,"Main",6,1,"July_C_20_1",521.818,419.45,69.90833333,"0.133970720308613",0,0,0,941.268,941.268
"July","C",20,"Main",6,2,"July_C_20_2",2185.446,483.498,80.583,"0.0368725651423096",1,0.0740943234477756,1.977536,2666.966464,2668.944
"July","C",20,"Main",6,3,"July_C_20_3",2787.543,0,0,"0",1,0.0264419813434268,0.7370816,2786.8059184,2787.543
"July","C",20,"Main",6,4,"July_C_20_4",2183.022,76.325,12.72083333,"0.00582716680363276",1,33.7306326606759,762.0920371,1497.2549629,2259.347
"July","C",20,"Main",6,5,"July_C_20_5",2872.253,0,0,"0",1,6.00863371715514,172.5831622,2699.6698378,2872.253
"July","C",20,"Main",6,6,"July_C_20_6",1456.439,0,0,"0",0,0,0,1456.439,1456.439
"July","C",21,"Main",4,1,"July_C_21_1",617.276,311.024,51.83733333,"0.0839775616255937",0,0,0,928.3,928.3
"July","C",21,"Main",4,2,"July_C_21_2",1476.654,307.866,51.311,"0.0347481535958999",0,0,0,1784.52,1784.52
"July","C",21,"Main",4,3,"July_C_21_3",1714.158,24.871,4.145166667,"0.00241819404453965",1,1.85562126911052,32.269792,1706.759208,1739.029
"July","C",21,"Main",4,4,"July_C_21_4",1264.539,0,0,"0",0,0,0,1264.539,1264.539
"July","C",22,"Main",4,1,"July_C_22_1",926.797,806.658,134.443,"0.145061971499692",0,0,0,1733.455,1733.455
"July","C",22,"Main",4,2,"July_C_22_2",2644.665,740.77,123.4616667,"0.046683291343138",0,0,0,3385.435,3385.435
"July","C",22,"Main",4,3,"July_C_22_3",4050.218,45.115,7.519166667,"0.0018564844329367",1,0.0302894636406856,1.2404544,4094.0925456,4095.333
"July","C",22,"Main",4,4,"July_C_22_4",4009.635,0,0,"0",1,18.7041001462727,749.9661459,3259.6688541,4009.635
"July","C",23,"Main",5,1,"July_C_23_1",0,564.59,94.09833333,"",0,0,0,564.59,564.59
"July","C",23,"Main",5,2,"July_C_23_2",1846.752,897.786,149.631,"0.0810238732650621",0,0,0,2744.538,2744.538
"July","C",23,"Main",5,3,"July_C_23_3",4291.605,356.184,59.364,"0.0138325871090187",0,0,0,4647.789,4647.789
"July","C",23,"Main",5,4,"July_C_23_4",4977.449,0,0,"0",1,19.6966445743593,980.3904384,3997.0585616,4977.449
"July","C",23,"Main",5,5,"July_C_23_5",4331.652,0,0,"0",1,10.0644465437205,435.9568,3895.6952,4331.652
"July","C",24,"Main",4,1,"July_C_24_1",228.115,598.384,99.73066667,"0.437194689827499",0,0,0,826.499,826.499
"July","C",24,"Main",4,2,"July_C_24_2",2072.725,672.416,112.0693333,"0.0540685972813567",1,0.963340302009988,26.4450496,2718.6959504,2745.141
"July","C",24,"Main",4,3,"July_C_24_3",2438.473,98.862,16.477,"0.00675709757704924",0,0,0,2537.335,2537.335
"July","C",24,"Main",4,4,"July_C_24_4",3918.471,0,0,"0",1,28.7319363343508,1125.852593,2792.618407,3918.471
"July","C",25,"Main",4,1,"July_C_25_1",387.389,809.241,134.8735,"0.34816037626262",0,0,0,1196.63,1196.63
"July","C",25,"Main",4,2,"July_C_25_2",2222.483,813.933,135.6555,"0.0610378122127368",0,0,0,3036.416,3036.416
"July","C",25,"Main",4,3,"July_C_25_3",4349.376,307.16,51.19333333,"0.0117702707997653",1,0.0582969314529083,2.7146176,4653.8213824,4656.536
"July","C",25,"Main",4,4,"July_C_25_4",4714.842,23.361,3.8935,"0.000825796495407481",1,16.3770133445106,775.9761376,3962.2268624,4738.203
"July","C",26,"Main",6,1,"July_C_26_1",123.481,1330.176,221.696,"1.79538552489857",0,0,0,1453.657,1453.657
"July","C",26,"Main",6,2,"July_C_26_2",2831.45,1528.744,254.7906667,"0.0899859318370446",1,0.838560001687998,36.56284288,4323.63115712,4360.194
"July","C",26,"Main",6,3,"July_C_26_3",6452.205,994.195,165.6991667,"0.0256810139634435",1,0.870343360550064,64.809248,7381.590752,7446.4
"July","C",26,"Main",6,4,"July_C_26_4",6450.815,94.705,15.78416667,"0.00244684844783179",1,10.3673759976289,678.5986694,5866.9213306,6545.52
"July","C",26,"Main",6,5,"July_C_26_5",5615.452,51.041,8.506833333,"0.00151489734628664",1,44.9895825513241,2549.331546,3117.161454,5666.493
"July","C",26,"Main",6,6,"July_C_26_6",2702.799,0,0,"0",1,17.8892750626295,483.5111475,2219.2878525,2702.799
"July","C",27,"Main",4,1,"July_C_27_1",234.252,591.45,98.575,"0.42080750644605",0,0,0,825.702,825.702
"July","C",27,"Main",4,2,"July_C_27_2",1549.066,605.966,100.9943333,"0.0651969207896888",1,0.477170974723345,10.2831872,2144.7488128,2155.032
"July","C",27,"Main",4,3,"July_C_27_3",2395.075,93.197,15.53283333,"0.00648532230932226",0,0,0,2488.272,2488.272
"July","C",27,"Main",4,4,"July_C_27_4",2334.746,0,0,"0",0,0,0,2334.746,2334.746
"July","C",28,"Main",5,1,"July_C_28_1",0,337.04,56.17333333,"",0,0,0,337.04,337.04
"July","C",28,"Main",5,2,"July_C_28_2",1712.952,889.256,148.2093333,"0.0865227591316044",0,0,0,2602.208,2602.208
"July","C",28,"Main",5,3,"July_C_28_3",3761.402,709.733,118.2888333,"0.0314480699749721",1,10.4075138907682,465.3339962,4005.8010038,4471.135
"July","C",28,"Main",5,4,"July_C_28_4",5078.916,63.935,10.65583333,"0.0020980526809264",1,41.9687223681962,2158.388858,2984.462142,5142.851
"July","C",28,"Main",5,5,"July_C_28_5",4943.566,25.856,4.309333333,"0.000871705431463846",1,25.830304208417,1283.61682,3685.80518,4969.422
"July","C",29,"Main",6,1,"July_C_29_1",0,246.497,41.08283333,"",0,0,0,246.497,246.497
"July","C",29,"Main",6,2,"July_C_29_2",1271.892,868.236,144.706,"0.113772238523397",0,0,0,2140.128,2140.128
"July","C",29,"Main",6,3,"July_C_29_3",3346.689,804.948,134.158,"0.0400867842814196",1,0.0415703396033902,1.7258496,4149.9111504,4151.637
"July","C",29,"Main",6,4,"July_C_29_4",4838.975,145.946,24.32433333,"0.00502675325456321",1,2.13960271988262,106.6575053,4878.2634947,4984.921
"July","C",29,"Main",6,5,"July_C_29_5",4636.068,55.34,9.223333333,"0.00198947326333436",1,42.7513910536027,2005.64218,2685.76582,4691.408
"July","C",29,"Main",6,6,"July_C_29_6",3731.218,0,0,"0",1,62.6693549398615,2338.330252,1392.887748,3731.218
"July","C",30,"Main",3,1,"July_C_30_1",1108.507,0,0,"0",0,0,0,1108.507,1108.507
"July","A",11,"Main",2,1,"July_A_11_1",498.49,81.202,13.53366667,"0.0271493242993841",0,0,0,579.692,579.692
"July","A",11,"Main",2,2,"July_A_11_2",1122.78,0,0,"0",0,0,0,1122.78,1122.78
"July","A",21,"Main",3,1,"July_A_21_1",271.552,144.476,24.07933333,"0.0886730104363068",1,4.8225123309008,20.0630016,395.9649984,416.028
"July","A",21,"Main",3,2,"July_A_21_2",1137.797,130.583,21.76383333,"0.0191280459783248",1,5.84295386556079,74.11085824,1194.26914176,1268.38
"July","A",21,"Main",3,3,"July_A_21_3",1823.053,14.266,2.377666667,"0.00130422245924831",1,50.5287351080569,928.3740506,908.9449494,1837.319
"July","B",8,"Main",5,1,"July_B_8_1",405.376,0,0,"0",1,0.119739501105147,0.4853952,404.8906048,405.376
"July","B",8,"Main",5,2,"July_B_8_2",1363.323,673.031,112.1718333,"0.0822782519623009",1,1.12649458787617,22.9394176,2013.4145824,2036.354
"July","B",8,"Main",5,3,"July_B_8_3",2953.775,466.514,77.75233333,"0.0263230385963724",1,0.304962636783032,10.43060352,3409.85839648,3420.289
"July","B",8,"Main",5,4,"July_B_8_4",4107.299,27.727,4.621166667,"0.00112511084949014",1,12.0328298274303,497.5606419,3637.4653581,4135.026
"July","B",8,"Main",5,5,"July_B_8_5",3228.341,0,0,"0",1,6.51708263160552,210.3936506,3017.9473494,3228.341
"July","B",21,"Main",4,1,"July_B_21_1",223.09,372.551,62.09183333,"0.278326385449818",0,0,0,595.641,595.641
"July","B",21,"Main",4,2,"July_B_21_2",875.664,368.204,61.36733333,"0.0700809138322462",0,0,0,1243.868,1243.868
"July","B",21,"Main",4,3,"July_B_21_3",1543.191,39.421,6.570166667,"0.0042575200782016",1,0.0931474802415248,1.4741632,1581.1378368,1582.612
"July","B",21,"Main",4,4,"July_B_21_4",1099.9,0,0,"0",1,19.9406055095918,219.32672,880.57328,1099.9
"June","A",1,"Main",5,1,"June_A_1_1",407.14,442.251,73.7085,"0.181039691506607",0,0,0,849.391,849.391
"June","A",1,"Main",5,2,"June_A_1_2",1097.6,408.746,68.12433333,"0.0620666302204811",1,16.4019257395047,247.0697523,1259.2762477,1506.346
"June","A",1,"Main",5,3,"June_A_1_3",1570.821,135.107,22.51783333,"0.014335072761314",0,0,0,1705.928,1705.928
"June","A",1,"Main",5,4,"June_A_1_4",1295.157,0,0,"0",0,0,0,1295.157,1295.157
"June","A",1,"Main",5,5,"June_A_1_5",1012.55,0,0,"0",1,12.2415640215298,123.9519565,888.5980435,1012.55
"June","A",2,"Main",4,1,"June_A_2_1",0,447.265,74.54416667,"",0,0,0,447.265,447.265
"June","A",2,"Main",4,2,"June_A_2_2",1554.77,695.173,115.8621667,"0.0745204542794111",0,0,0,2249.943,2249.943
"June","A",2,"Main",4,3,"June_A_2_3",3009.543,549.639,91.6065,"0.0304386745761732",0,0,0,3559.182,3559.182
"June","A",2,"Main",4,4,"June_A_2_4",3490.705,82.797,13.7995,"0.00395321288965983",1,0.381838275170967,13.6449984,3559.8570016,3573.502
"June","A",3,"Main",5,1,"June_A_3_1",241.418,452.37,75.395,"0.312300656951843",0,0,0,693.788,693.788
"June","A",3,"Main",5,2,"June_A_3_2",1741.668,545.12,90.85333333,"0.0521645533649352",0,0,0,2286.788,2286.788
"June","A",3,"Main",5,3,"June_A_3_3",2306.48,211.986,35.331,"0.015318147133294",0,0,0,2518.466,2518.466
"June","A",3,"Main",5,4,"June_A_3_4",2047.77,0,0,"0",1,11.4593735038603,234.6616128,1813.1083872,2047.77
"June","A",3,"Main",5,5,"June_A_3_5",1519.721,0,0,"0",1,52.4958303135905,797.7901574,721.9308426,1519.721
"June","A",4,"Main",5,1,"June_A_4_1",20.846,488.933,81.48883333,"3.90908727477694",0,0,0,509.779,509.779
"June","A",4,"Main",5,2,"June_A_4_2",1458.237,656.179,109.3631667,"0.0749968398141043",1,1.57183776134876,33.23518912,2081.18081088,2114.416
"June","A",4,"Main",5,3,"June_A_4_3",2888.631,593.786,98.96433333,"0.0342599429729862",1,11.0643988787098,385.3085075,3097.1084925,3482.417
"June","A",4,"Main",5,4,"June_A_4_4",3583.653,99.3,16.55,"0.0046181926654171",1,4.5279918885742,166.7638131,3516.1891869,3682.953
"June","A",4,"Main",5,5,"June_A_4_5",3119.732,0,0,"0",1,38.7538728006124,1209.016971,1910.715029,3119.732
"June","A",5,"Main",5,1,"June_A_5_1",0,80.718,13.453,"",0,0,0,80.718,80.718
"June","A",5,"Main",5,2,"June_A_5_2",1013.939,1008.537,168.0895,"0.165778710553593",0,0,0,2022.476,2022.476
"June","A",5,"Main",5,3,"June_A_5_3",3056.258,966.287,161.0478333,"0.0526944496505204",1,1.71863486424639,69.1328608,3953.4121392,4022.545
"June","A",5,"Main",5,4,"June_A_5_4",3596.964,787.045,131.1741667,"0.0364680232273662",1,26.0355218705071,1141.399622,3242.609378,4384.009
"June","A",5,"Main",5,5,"June_A_5_5",3063.597,0,0,"0",1,0.255850674876624,7.8382336,3055.7587664,3063.597
"June","A",6,"Main",4,1,"June_A_6_1",123.557,292.477,48.74616667,"0.394523715127431",0,0,0,416.034,416.034
"June","A",6,"Main",4,2,"June_A_6_2",1132.28,369.791,61.63183333,"0.0544316187957042",1,1.15735802102564,17.3843392,1484.6866608,1502.071
"June","A",6,"Main",4,3,"June_A_6_3",1542.484,123.025,20.50416667,"0.0132929525816799",1,10.2392429941838,170.5355136,1494.9734864,1665.509
"June","A",6,"Main",4,4,"June_A_6_4",1672.062,0,0,"0",1,34.6362392782086,579.1393952,1092.9226048,1672.062
"June","A",7,"Main",6,1,"June_A_7_1",0,85.341,14.2235,"",0,0,0,85.341,85.341
"June","A",7,"Main",6,2,"June_A_7_2",651.174,647.955,107.9925,"0.165842770135171",0,0,0,1299.129,1299.129
"June","A",7,"Main",6,3,"June_A_7_3",1694.873,585.98,97.66333333,"0.0576228032011838",1,13.7228136578727,312.997207,1967.855793,2280.853
"June","A",7,"Main",6,4,"June_A_7_4",2145.197,117.798,19.633,"0.00915207321285644",1,9.53220057490185,215.7132224,2047.2817776,2262.995
"June","A",7,"Main",6,5,"June_A_7_5",2156.389,22.504,3.750666667,"0.00173932749007716",1,0.0514849623180211,1.12180224,2177.77119776,2178.893
"June","A",7,"Main",6,6,"June_A_7_6",1481.976,0,0,"0",1,9.56843535252933,141.8019155,1340.1740845,1481.976
"June","A",8,"Main",5,1,"June_A_8_1",144.24,295.759,49.29316667,"0.341744083957293",0,0,0,439.999,439.999
"June","A",8,"Main",5,2,"June_A_8_2",1323.352,374.552,62.42533333,"0.047172130566924",1,0.0550581893911552,0.9348352,1696.9691648,1697.904
"June","A",8,"Main",5,3,"June_A_8_3",1857.058,181.771,30.29516667,"0.016313527455793",1,48.6890816640336,992.6871168,1046.1418832,2038.829
"June","A",8,"Main",5,4,"June_A_8_4",2853.084,23.945,3.990833333,"0.00139877877167304",1,5.95354372514146,171.2851795,2705.7438205,2877.029
"June","A",8,"Main",5,5,"June_A_8_5",2449.64,0,0,"0",1,71.9196469685342,1761.77244,687.86756,2449.64
"June","A",9,"Main",5,1,"June_A_9_1",283.95,212.26,35.37666667,"0.124587662158831",0,0,0,496.21,496.21
"June","A",9,"Main",5,2,"June_A_9_2",972.176,235.323,39.2205,"0.040343003735949",1,0.939451345301321,11.3438656,1196.1551344,1207.499
"June","A",9,"Main",5,3,"June_A_9_3",1341.687,68.657,11.44283333,"0.00852869061860181",1,0.0152963532301339,0.2157312,1410.1282688,1410.344
"June","A",9,"Main",5,4,"June_A_9_4",1043.163,22.769,3.794833333,"0.00363781435211947",0,0,0,1065.932,1065.932
"June","A",9,"Main",5,5,"June_A_9_5",878.584,0,0,"0",1,8.86209919597898,77.8609856,800.7230144,878.584
"June","A",10,"Main",6,1,"June_A_10_1",191.587,559.59,93.265,"0.486802340451074",0,0,0,751.177,751.177
"June","A",10,"Main",6,2,"June_A_10_2",1528.843,727.603,121.2671667,"0.0793195682617509",0,0,0,2256.446,2256.446
"June","A",10,"Main",6,3,"June_A_10_3",2661.633,443.562,73.927,"0.0277750538860917",1,0.281139270158557,8.72992256,3096.46507744,3105.195
"June","A",10,"Main",6,4,"June_A_10_4",3168.839,70.555,11.75916667,"0.0037108753931645",1,1.37576566481262,44.5664704,3194.8275296,3239.394
"June","A",10,"Main",6,5,"June_A_10_5",2968.971,24.354,4.059,"0.00136714033245862",1,3.05135575188127,91.33699456,2901.98800544,2993.325
"June","A",10,"Main",6,6,"June_A_10_6",2827.843,0,0,"0",1,25.9182979535993,732.9287744,2094.9142256,2827.843
"June","A",11,"Main",6,1,"June_A_11_1",640.063,856.668,142.778,"0.223068666678124",0,0,0,1496.731,1496.731
"June","A",11,"Main",6,2,"June_A_11_2",2607.305,976.485,162.7475,"0.0624198166305822",0,0,0,3583.79,3583.79
"June","A",11,"Main",6,3,"June_A_11_3",2218.845,528.619,88.10316667,"0.0397067693642413",0,0,0,2747.464,2747.464
"June","A",11,"Main",6,4,"June_A_11_4",3568.751,198.251,33.04183333,"0.00925865473102494",1,4.79114478038504,180.4825197,3586.5194803,3767.002
"June","A",11,"Main",6,5,"June_A_11_5",2917.641,184.394,30.73233333,"0.0105332812810075",1,0.109533464322614,3.3977664,3098.6372336,3102.035
"June","A",11,"Main",6,6,"June_A_11_6",2223.53,0,0,"0",1,4.92038696577064,109.4062803,2114.1237197,2223.53
"June","A",12,"Main",4,1,"June_A_12_1",378.719,461.006,76.83433333,"0.202879531605227",0,0,0,839.725,839.725
"June","A",12,"Main",4,2,"June_A_12_2",1433.168,461.796,76.966,"0.0537034039275228",1,0.329200301430529,6.2382272,1888.7257728,1894.964
"June","A",12,"Main",4,3,"June_A_12_3",1730.644,108.945,18.1575,"0.0104917591370611",0,0,0,1839.589,1839.589
"June","A",12,"Main",4,4,"June_A_12_4",1459.987,0,0,"0",1,3.50935727509902,51.23616,1408.75084,1459.987
"June","A",13,"Main",6,1,"June_A_13_1",1090.832,461.423,76.90383333,"0.0705001625639878",0,0,0,1552.255,1552.255
"June","A",13,"Main",6,2,"June_A_13_2",3010.111,537.701,89.61683333,"0.0297719364269291",0,0,0,3547.812,3547.812
"June","A",13,"Main",6,3,"June_A_13_3",4472.958,358.857,59.8095,"0.0133713529167947",0,0,0,4831.815,4831.815
"June","A",13,"Main",6,4,"June_A_13_4",5016.366,0,0,"0",0,0,0,5016.366,5016.366
"June","A",13,"Main",6,5,"June_A_13_5",4100.75,0,0,"0",1,1.9333345363653,79.281216,4021.468784,4100.75
"June","A",13,"Main",6,6,"June_A_13_6",4090.185,0,0,"0",1,39.2875424705728,1606.933169,2483.251831,4090.185
"June","A",14,"Main",5,1,"June_A_14_1",115.665,411.554,68.59233333,"0.59302583607833",0,0,0,527.219,527.219
"June","A",14,"Main",5,2,"June_A_14_2",1026.213,578.997,96.4995,"0.0940345717701881",1,0.0436781729493337,0.7011264,1604.5088736,1605.21
"June","A",14,"Main",5,3,"June_A_14_3",1678.712,471.441,78.5735,"0.0468058249419793",0,0,0,2150.153,2150.153
"June","A",14,"Main",5,4,"June_A_14_4",2039.349,68.474,11.41233333,"0.0055960668478029",0,0,0,2107.823,2107.823
"June","A",14,"Main",5,5,"June_A_14_5",1789.919,0,0,"0",1,6.6128421677182,118.3645184,1671.5544816,1789.919
"June","A",15,"Main",4,1,"June_A_15_1",145.387,125.878,20.97966667,"0.144302218699058",0,0,0,271.265,271.265
"June","A",15,"Main",4,2,"June_A_15_2",901.507,151.356,25.226,"0.0279820345266315",0,0,0,1052.863,1052.863
"June","A",15,"Main",4,3,"June_A_15_3",1141.258,42.95,7.158333333,"0.00627231820762702",0,0,0,1184.208,1184.208
"June","A",15,"Main",4,4,"June_A_15_4",929.455,0,0,"0",1,14.3150790086664,133.0522176,796.4027824,929.455
"June","A",16,"Main",5,1,"June_A_16_1",0,124.226,20.70433333,"",0,0,0,124.226,124.226
"June","A",16,"Main",5,2,"June_A_16_2",754.866,547.234,91.20566667,"0.12082365170772",0,0,0,1302.1,1302.1
"June","A",16,"Main",5,3,"June_A_16_3",1928.533,519.861,86.6435,"0.0449271544744114",0,0,0,2448.394,2448.394
"June","A",16,"Main",5,4,"June_A_16_4",2878.031,65.269,10.87816667,"0.00377972532957428",1,2.09308054496653,61.60563968,2881.69436032,2943.3
"June","A",16,"Main",5,5,"June_A_16_5",2894.254,0,0,"0",1,4.74886258427906,137.4441453,2756.8098547,2894.254
"June","A",17,"Main",5,1,"June_A_17_1",18.702,642.951,107.1585,"5.72978825794033",0,0,0,661.653,661.653
"June","A",17,"Main",5,2,"June_A_17_2",1748.289,925.261,154.2101667,"0.0882063358517957",0,0,0,2673.55,2673.55
"June","A",17,"Main",5,3,"June_A_17_3",3131.639,846.823,141.1371667,"0.0450681469671313",1,1.58435750096394,63.03306112,3915.42893888,3978.462
"June","A",17,"Main",5,4,"June_A_17_4",4116.882,180.655,30.10916667,"0.00731358505538901",1,6.190474173928,266.0379181,4031.4990819,4297.537
"June","A",17,"Main",5,5,"June_A_17_5",3652.088,69.087,11.5145,"0.00315285392904004",1,4.01711136939273,149.483744,3571.691256,3721.175
"June","A",18,"Main",4,1,"June_A_18_1",0,88.266,14.711,"",0,0,0,88.266,88.266
"June","A",18,"Main",4,2,"June_A_18_2",538.379,162.049,27.00816667,"0.0501657135029412",0,0,0,700.428,700.428
"June","A",18,"Main",4,3,"June_A_18_3",1001.252,118.698,19.783,"0.0197582626551557",0,0,0,1119.95,1119.95
"June","A",18,"Main",4,4,"June_A_18_4",962.633,0,0,"0",1,17.7547459104352,170.9130432,791.7199568,962.633
"June","A",19,"Main",3,1,"June_A_19_1",636.625,352.77,58.795,"0.092354211663067",0,0,0,989.395,989.395
"June","A",19,"Main",3,2,"June_A_19_2",2001.868,254.821,42.47016667,"0.0212152682744317",1,14.732032694802,332.4561613,1924.2328387,2256.689
"June","A",19,"Main",3,3,"June_A_19_3",2533.24,0,0,"0",1,68.9840829530562,1747.532383,785.707617,2533.24
"June","A",20,"Main",3,1,"June_A_20_1",457.41,257.358,42.893,"0.093773638529984",0,0,0,714.768,714.768
"June","A",20,"Main",3,2,"June_A_20_2",1502.322,313.532,52.25533333,"0.0347830447334193",0,0,0,1815.854,1815.854
"June","A",20,"Main",3,3,"June_A_20_3",1955.847,89.39,14.89833333,"0.00761733066543549",1,20.903196661316,427.5199123,1617.7170877,2045.237
"June","A",21,"Main",5,1,"June_A_21_1",186.251,19.122,3.187,"0.0171113175231274",0,0,0,205.373,205.373
"June","A",21,"Main",5,2,"June_A_21_2",597.642,18.699,3.1165,"0.00521466028157325",1,11.4214190391358,70.39488832,545.94611168,616.341
"June","A",21,"Main",5,3,"June_A_21_3",940.537,5.354,0.892333333,"0.000948748781812943",1,17.1962445250034,162.6577293,783.2332707,945.891
"June","A",21,"Main",5,4,"June_A_21_4",779.712,0,0,"0",1,9.36333333333333,73.0070336,706.7049664,779.712
"June","A",21,"Main",5,5,"June_A_21_5",507.662,0,0,"0",1,92.4267248681209,469.21536,38.44664,507.662
"June","A",22,"Main",6,1,"June_A_22_1",0,272.735,45.45583333,"",0,0,0,272.735,272.735
"June","A",22,"Main",6,2,"June_A_22_2",1297.876,644.949,107.4915,"0.0828210861438227",1,23.0977911134559,448.7496602,1494.0753398,1942.825
"June","A",22,"Main",6,3,"June_A_22_3",2667.92,586.005,97.6675,"0.0366081066898558",0,0,0,3253.925,3253.925
"June","A",22,"Main",6,4,"June_A_22_4",3163.692,215.549,35.92483333,"0.0113553510676766",1,32.6244367300231,1102.458342,2276.782658,3379.241
"June","A",22,"Main",6,5,"June_A_22_5",3998.779,58.526,9.754333333,"0.00243932793810311",1,2.03782511198936,82.68078016,3974.62421984,4057.305
"June","A",22,"Main",6,6,"June_A_22_6",3491.98,55.035,9.1725,"0.0026267332573497",1,27.3892924896004,971.502313,2575.512687,3547.015
"June","A",23,"Main",4,1,"June_A_23_1",931.543,521.195,86.86583333,"0.0932494080573844",1,14.1589542092242,205.6925082,1247.0454918,1452.738
"June","A",23,"Main",4,2,"June_A_23_2",2201.537,501.14,83.52333333,"0.0379386461958168",1,38.9250580073017,1052.01859,1650.65841,2702.677
"June","A",23,"Main",4,3,"June_A_23_3",3402.68,171.049,28.50816667,"0.008378150948664",1,32.2224372357277,1151.542584,2422.186416,3573.729
"June","A",23,"Main",4,4,"June_A_23_4",3779.305,0,0,"0",1,41.7677419260949,1578.530359,2200.774641,3779.305
"June","A",25,"Main",5,1,"June_A_25_1",542.924,443.517,73.9195,"0.136150731962485",0,0,0,986.441,986.441
"June","A",25,"Main",5,2,"June_A_25_2",1693.095,435.945,72.6575,"0.0429140125037284",0,0,0,2129.04,2129.04
"June","A",25,"Main",5,3,"June_A_25_3",1255.302,0,0,"0",0,0,0,1255.302,1255.302
"June","A",25,"Main",5,4,"June_A_25_4",2144.915,46.291,7.715166667,"0.00359695683372068",1,40.3522667243518,884.2012896,1307.0047104,2191.206
"June","A",25,"Main",5,5,"June_A_25_5",1189.658,0,0,"0",1,38.184217001861,454.2615923,735.3964077,1189.658
"June","A",26,"Main",4,1,"June_A_26_1",835.836,494.687,82.44783333,"0.0986411608617001",0,0,0,1330.523,1330.523
"June","A",26,"Main",4,2,"June_A_26_2",2078.113,485.27,80.87833333,"0.0389191219774863",1,0.497238157544152,12.7461184,2550.6368816,2563.383
"June","A",26,"Main",4,3,"June_A_26_3",2665.457,210.785,35.13083333,"0.0131800412949824",1,11.6317036257728,334.555945,2541.686055,2876.242
"June","A",26,"Main",4,4,"June_A_26_4",2597.797,31.444,5.240666667,"0.00201735034223228",1,0.933327298638657,24.539424,2604.701576,2629.241
"June","A",27,"Main",6,1,"June_A_27_1",0,289.365,48.2275,"",0,0,0,289.365,289.365
"June","A",27,"Main",6,2,"June_A_27_2",1049.429,472.537,78.75616667,"0.0750466841206027",1,11.187703312689,170.2730406,1351.6929594,1521.966
"June","A",27,"Main",6,3,"June_A_27_3",1751.246,363.62,60.60333333,"0.0346058368327465",1,16.7022061019469,353.2292781,1761.6367219,2114.866
"June","A",27,"Main",6,4,"June_A_27_4",2049.587,38.482,6.413666667,"0.00312924831539232",1,18.8680214207481,393.9773062,1694.0916938,2088.069
"June","A",27,"Main",6,5,"June_A_27_5",1624.859,0,0,"0",1,18.8755732958983,306.7014515,1318.1575485,1624.859
"June","A",27,"Main",6,6,"June_A_27_6",1224.504,0,0,"0",1,7.46482716267158,91.4071072,1133.0968928,1224.504
"June","A",28,"Main",5,1,"June_A_28_1",104.067,259.843,43.30716667,"0.416146969452372",0,0,0,363.91,363.91
"June","A",28,"Main",5,2,"June_A_28_2",1748.129,165.944,27.65733333,"0.0158211054962191",1,9.23171845587916,176.7018304,1737.3711696,1914.073
"June","A",28,"Main",5,3,"June_A_28_3",1366.608,140.208,23.368,"0.0170992706028356",1,14.2758620030581,215.1109728,1291.7050272,1506.816
"June","A",28,"Main",5,4,"June_A_28_4",1332.807,0,0,"0",1,12.4925319419841,166.5013402,1166.3056598,1332.807
"June","A",28,"Main",5,5,"June_A_28_5",1771.853,0,0,"0",1,70.1336761571078,1242.665645,529.187355,1771.853
"June","A",29,"Main",5,1,"June_A_29_1",0,37.489,6.248166667,"",0,0,0,37.489,37.489
"June","A",29,"Main",5,2,"June_A_29_2",954.544,333.888,55.648,"0.0582979935969426",0,0,0,1288.432,1288.432
"June","A",29,"Main",5,3,"June_A_29_3",2308.315,289.848,48.308,"0.0209278196433329",1,1.3561926638167,35.236096,2562.926904,2598.163
"June","A",29,"Main",5,4,"June_A_29_4",3076.409,0,0,"0",1,39.9276395953854,1228.337498,1848.071502,3076.409
"June","A",29,"Main",5,5,"June_A_29_5",2300.625,0,0,"0",1,42.0165375800054,966.6429677,1333.9820323,2300.625
"June","A",30,"Main",3,1,"June_A_30_1",790.141,0,0,"0",0,0,0,790.141,790.141
"June","A",30,"Main",3,2,"June_A_30_2",1131.178,0,0,"0",1,14.2367815498533,161.0433408,970.1346592,1131.178
"June","A",30,"Main",3,3,"June_A_30_3",677.167,0,0,"0",1,26.0921527924426,176.6874483,500.4795517,677.167
"June","B",1,"Main",3,1,"June_B_1_1",1063.286,605.06,100.8433333,"0.0948412123360977",1,0.322193501827559,5.3753024,1662.9706976,1668.346
"June","B",1,"Main",3,2,"June_B_1_2",1966.588,498.391,83.06516667,"0.0422382149540219",1,5.07607147971646,125.124096,2339.854904,2464.979
"June","B",1,"Main",3,3,"June_B_1_3",2547.759,0,0,"0",1,17.1565429226234,437.1073664,2110.6516336,2547.759
"June","B",2,"Main",4,1,"June_B_2_1",468.685,582.858,97.143,"0.207267141043558",0,0,0,1051.543,1051.543
"June","B",2,"Main",4,2,"June_B_2_2",1702.268,578.88,96.48,"0.0566773269543926",1,1.38074141616414,31.4967552,2249.6512448,2281.148
"June","B",2,"Main",4,3,"June_B_2_3",2581.992,218.394,36.399,"0.0140972551425411",0,0,0,2800.386,2800.386
"June","B",2,"Main",4,4,"June_B_2_4",2279.142,10.527,1.7545,"0.000769807234476834",0,0,0,2289.669,2289.669
"June","B",3,"Main",5,1,"June_B_3_1",787.074,0,0,"0",0,0,0,787.074,787.074
"June","B",3,"Main",5,2,"June_B_3_2",2011.464,0,0,"0",0,0,0,2011.464,2011.464
"June","B",3,"Main",5,3,"June_B_3_3",2304.873,0,0,"0",0,0,0,2304.873,2304.873
"June","B",3,"Main",5,4,"June_B_3_4",2183.794,0,0,"0",1,2.91365026554703,63.62811968,2120.16588032,2183.794
"June","B",3,"Main",5,5,"June_B_3_5",1581.491,0,0,"0",0,0,0,1581.491,1581.491
"June","B",5,"Main",6,1,"June_B_5_1",0,382.492,63.74866667,"",1,2.0586545078067,7.8741888,374.6178112,382.492
"June","B",5,"Main",6,2,"June_B_5_2",1085.424,587.714,97.95233333,"0.0902433826136146",0,0,0,1673.138,1673.138
"June","B",5,"Main",6,3,"June_B_5_3",2099.927,540.215,90.03583333,"0.0428756967885074",0,0,0,2640.142,2640.142
"June","B",5,"Main",6,4,"June_B_5_4",3090.865,115.249,19.20816667,"0.00621449551177421",1,0.483908831688455,15.5146688,3190.5993312,3206.114
"June","B",5,"Main",6,5,"June_B_5_5",2960.293,26.144,4.357333333,"0.00147192637113961",1,28.9015354785653,863.1261491,2123.3108509,2986.437
"June","B",5,"Main",6,6,"June_B_5_6",3112.556,0,0,"0",1,33.898934573386,1055.123322,2057.432678,3112.556
"June","B",6,"Main",3,1,"June_B_6_1",625.725,291.983,48.66383333,"0.0777719179032322",1,0.403547272117057,3.7033856,914.0046144,917.708
"June","B",6,"Main",3,2,"June_B_6_2",1430.53,273.167,45.52783333,"0.0318258500905259",0,0,0,1703.697,1703.697
"June","B",6,"Main",3,3,"June_B_6_3",1794.881,0,0,"0",1,18.0859635374156,324.6215232,1470.2594768,1794.881
"June","B",7,"Main",3,1,"June_B_7_1",617.705,286.635,47.7725,"0.077338697274589",1,0.735532211336444,6.651712,897.688288,904.34
"June","B",7,"Main",3,2,"June_B_7_2",1431.653,NA,NA,NA,1,NA,47.45906624,NA,NA
"June","B",7,"Main",3,3,"June_B_7_3",1944.896,65.771,10.96183333,"0.00563620539607259",1,16.2081806435377,325.8925395,1684.7744605,2010.667
"June","B",8,"Main",5,1,"June_B_8_1",52.731,661.475,110.2458333,"2.09072145986232",0,0,0,714.206,714.206
"June","B",8,"Main",5,2,"June_B_8_2",1538.175,795.366,132.561,"0.0861807011555902",1,12.5493538532213,292.8443174,2040.6966826,2333.541
"June","B",8,"Main",5,3,"June_B_8_3",3333.906,507.475,84.57916667,"0.0253693915395335",1,0.428686495820123,16.4674816,3824.9135184,3841.381
"June","B",8,"Main",5,4,"June_B_8_4",4731.331,48.743,8.123833333,"0.0017170291685363",1,55.342695908055,2645.421818,2134.652182,4780.074
"June","B",8,"Main",5,5,"June_B_8_5",4089.152,22.476,3.746,"0.000916082356439673",1,27.9066278369541,1147.416724,2964.211276,4111.628
"June","B",9,"Main",3,1,"June_B_9_1",211.683,226.417,37.73616667,"0.178267346315009",0,0,0,438.1,438.1
"June","B",9,"Main",3,2,"June_B_9_2",1160.992,273.205,45.53416667,"0.0392200520503156",1,5.33487837444926,76.5126656,1357.6843344,1434.197
"June","B",9,"Main",3,3,"June_B_9_3",1834.184,44.935,7.489166667,"0.004083105439258",1,28.2063979449944,530.031783,1349.087217,1879.119
"June","B",10,"Main",4,1,"June_B_10_1",123.661,394.696,65.78266667,"0.531959685511196",0,0,0,518.357,518.357
"June","B",10,"Main",4,2,"June_B_10_2",1584.993,543.719,90.61983333,"0.0571736489246325",0,0,0,2128.712,2128.712
"June","B",10,"Main",4,3,"June_B_10_3",2462.975,241.15,40.19166667,"0.0163183413026929",1,0.821719173484954,22.2203136,2681.9046864,2704.125
"June","B",10,"Main",4,4,"June_B_10_4",2524.215,24.609,4.1015,"0.00162486159063313",1,8.74728117359221,222.9528019,2325.8711981,2548.824
"June","B",11,"Main",3,1,"June_B_11_1",589.367,390.949,65.15816667,"0.110556184296033",0,0,0,980.316,980.316
"June","B",11,"Main",3,2,"June_B_11_2",1724.898,391.98,65.33,"0.0378747033157903",0,0,0,2116.878,2116.878
"June","B",11,"Main",3,3,"June_B_11_3",2238.557,37.223,6.203833333,"0.00277135374841918",1,14.8246592552883,337.3766304,1938.4033696,2275.78
"June","B",13,"Main",5,1,"June_B_13_1",0,1027.559,171.2598333,"",0,0,0,1027.559,1027.559
"June","B",13,"Main",5,2,"June_B_13_2",1937.945,1340.795,223.4658333,"0.115310720015274",0,0,0,3278.74,3278.74
"June","B",13,"Main",5,3,"June_B_13_3",3219.865,1012.703,168.7838333,"0.0524195372476796",0,0,0,4232.568,4232.568
"June","B",13,"Main",5,4,"June_B_13_4",3673.576,62.572,10.42866667,"0.00283883242649669",1,9.85514548941851,368.2028211,3367.9451789,3736.148
"June","B",13,"Main",5,5,"June_B_13_5",3107.981,0,0,"0",1,23.0423570189136,716.1520781,2391.8289219,3107.981
"June","B",14,"Main",3,1,"June_B_14_1",1350.544,291.026,48.50433333,"0.0359146635207738",1,0.44265830394074,7.26654592,1634.30345408,1641.57
"June","B",14,"Main",3,2,"June_B_14_2",2318.322,119.262,19.877,"0.00857387368967727",1,1.36735679262745,33.3304704,2404.2535296,2437.584
"June","B",14,"Main",3,3,"June_B_14_3",2863.229,0,0,"0",1,44.2538830111039,1267.090012,1596.138988,2863.229
"June","B",15,"Main",4,1,"June_B_15_1",31.661,179.194,29.86566667,"0.943295116073403",0,0,0,210.855,210.855
"June","B",15,"Main",4,2,"June_B_15_2",1018.396,181.844,30.30733333,"0.0297598707477249",0,0,0,1200.24,1200.24
"June","B",15,"Main",4,3,"June_B_15_3",1481.316,0,0,"0",1,3.51671699488833,52.09369152,1429.22230848,1481.316
"June","B",15,"Main",4,4,"June_B_15_4",1196.89,0,0,"0",1,0.175737051859402,2.1033792,1194.7866208,1196.89
"June","B",16,"Main",4,1,"June_B_16_1",0,653.681,108.9468333,"",0,0,0,653.681,653.681
"June","B",16,"Main",4,2,"June_B_16_2",1070.711,1150.612,191.7686667,"0.179104040866303",0,0,0,2221.323,2221.323
"June","B",16,"Main",4,3,"June_B_16_3",2657.432,892.446,148.741,"0.0559717050144651",0,0,0,3549.878,3549.878
"June","B",16,"Main",4,4,"June_B_16_4",3477.077,0,0,"0",1,2.80593254621626,97.5644352,3379.5125648,3477.077
"June","B",17,"Main",4,1,"June_B_17_1",250.251,536.97,89.495,"0.357620948567638",0,0,0,787.221,787.221
"June","B",17,"Main",4,2,"June_B_17_2",1986.938,605.93,100.9883333,"0.0508261119873896",1,2.40709646306715,62.41283392,2530.45516608,2592.868
"June","B",17,"Main",4,3,"June_B_17_3",2986.642,273.203,45.53383333,"0.015245829038097",0,0,0,3259.845,3259.845
"June","B",17,"Main",4,4,"June_B_17_4",2779.323,0,0,"0",1,24.1812340055474,672.0745984,2107.2484016,2779.323
"June","B",18,"Main",2,1,"June_B_18_1",2191.734,36.504,6.084,"0.00277588429982836",1,18.3661748161552,409.2420864,1818.9959136,2228.238
"June","B",18,"Main",2,2,"June_B_18_2",595.75,0,0,"0",1,95.644151405791,569.800032,25.949968,595.75
"June","B",19,"Main",5,1,"June_B_19_1",493.429,666.032,111.0053333,"0.224967185349868",0,0,0,1159.461,1159.461
"June","B",19,"Main",5,2,"June_B_19_2",2087.067,690.26,115.0433333,"0.0551220125180457",1,1.01444643428736,28.17449472,2749.15250528,2777.327
"June","B",19,"Main",5,3,"June_B_19_3",3280.306,227.442,37.907,"0.011555934111025",1,9.20977431103945,323.0556742,3184.6923258,3507.748
"June","B",19,"Main",5,4,"June_B_19_4",3273.898,21.219,3.5365,"0.00108021080681194",1,21.0406287546087,693.313335,2601.803665,3295.117
"June","B",19,"Main",5,5,"June_B_19_5",2898.311,0,0,"0",1,26.2684223121673,761.3405734,2136.9704266,2898.311
"June","B",20,"Main",5,1,"June_B_20_1",1150.821,776.056,129.3426667,"0.112391646224739",0,0,0,1926.877,1926.877
"June","B",20,"Main",5,2,"June_B_20_2",2694.458,871.524,145.254,"0.0539084298215077",0,0,0,3565.982,3565.982
"June","B",20,"Main",5,3,"June_B_20_3",3547.449,291.369,48.5615,"0.0136891326697015",1,9.43613517754684,362.2360557,3476.5819443,3838.818
"June","B",20,"Main",5,4,"June_B_20_4",3283.783,23.221,3.870166667,"0.00117856955438286",1,0.223972247992443,7.4067712,3299.5972288,3307.004
"June","B",20,"Main",5,5,"June_B_20_5",2239.36,0,0,"0",1,28.8007998267362,644.953591,1594.406409,2239.36
"June","B",21,"Main",2,1,"June_B_21_1",236.586,57.546,9.591,"0.0405391696888235",0,0,0,294.132,294.132
"June","B",21,"Main",2,2,"June_B_21_2",1000.154,0,0,"0",1,32.7086218122409,327.1365894,673.0174106,1000.154
"June","B",22,"Main",4,1,"June_B_22_1",236.408,536.137,89.35616667,"0.377974377643735",0,0,0,772.545,772.545
"June","B",22,"Main",4,2,"June_B_22_2",1784.911,571.319,95.21983333,"0.0533471043262101",0,0,0,2356.23,2356.23
"June","B",22,"Main",4,3,"June_B_22_3",2803.982,225.427,37.57116667,"0.0133992182082481",1,0.145391790940081,4.404512,3025.004488,3029.409
"June","B",22,"Main",4,4,"June_B_22_4",2840.647,0,0,"0",1,4.62627901319664,131.416256,2709.230744,2840.647
"June","B",23,"Main",5,1,"June_B_23_1",886.805,910.394,151.7323333,"0.171099997519184",0,0,0,1797.199,1797.199
"June","B",23,"Main",5,2,"June_B_23_2",2633.733,905.164,150.8606667,"0.0572801672379091",0,0,0,3538.897,3538.897
"June","B",23,"Main",5,3,"June_B_23_3",3026.067,336.604,56.10066667,"0.0185391356734666",0,0,0,3362.671,3362.671
"June","B",23,"Main",5,4,"June_B_23_4",3527.207,20.039,3.339833333,"0.000946877609678139",0,0,0,3547.246,3547.246
"June","B",23,"Main",5,5,"June_B_23_5",814.033,0,0,"0",0,0,0,814.033,814.033
"June","B",24,"Main",4,1,"June_B_24_1",45.642,38.308,6.384666667,"0.139885777726655",0,0,0,83.95,83.95
"June","B",24,"Main",4,2,"June_B_24_2",1143.781,0,0,"0",1,0.605131227044338,6.921376,1136.859624,1143.781
"June","B",24,"Main",4,3,"June_B_24_3",1654.803,0,0,"0",1,15.9228796358237,263.4922899,1391.3107101,1654.803
"June","B",24,"Main",4,4,"June_B_24_4",1455.868,0,0,"0",1,2.44744737847113,35.6316032,1420.2363968,1455.868
"June","B",25,"Main",7,1,"June_B_25_1",98.296,96.35,16.05833333,"0.163367108834541",0,0,0,194.646,194.646
"June","B",25,"Main",7,2,"June_B_25_2",589.089,460.38,76.73,"0.130251965322727",0,0,0,1049.469,1049.469
"June","B",25,"Main",7,3,"June_B_25_3",1772.922,529.077,88.1795,"0.0497368186530485",0,0,0,2301.999,2301.999
"June","B",25,"Main",7,4,"June_B_25_4",2790.195,231.318,38.553,"0.0138173138436561",1,40.283275928318,1217.164419,1804.348581,3021.513
"June","B",25,"Main",7,5,"June_B_25_5",3212.816,0,0,"0",1,0.237812560694419,7.64048,3205.17552,3212.816
"June","B",25,"Main",7,6,"June_B_25_6",3297.722,0,0,"0",1,3.52217305764403,116.1514758,3181.5705242,3297.722
"June","B",25,"Main",7,7,"June_B_25_7",2426.404,0,0,"0",1,32.848778974977,797.044087,1629.359913,2426.404
"June","B",26,"Main",4,1,"June_B_26_1",1037.437,762.464,127.0773333,"0.122491614719737",1,11.434382491037,205.8075648,1594.0934352,1799.901
"June","B",26,"Main",4,2,"June_B_26_2",2750.682,759.324,126.554,"0.0460082263235081",1,0.435354241559701,15.28096,3494.72504,3510.006
"June","B",26,"Main",4,3,"June_B_26_3",4207.014,180.912,30.152,"0.00716707859778931",1,53.0603390759097,2328.248414,2059.677586,4387.926
"June","B",26,"Main",4,4,"June_B_26_4",2899.183,10.304,1.717333333,"0.00059235078744598",1,22.7947965259855,663.2116416,2246.2753584,2909.487
"June","B",27,"Main",4,1,"June_B_27_1",345.675,431.828,71.97133333,"0.20820520237217",0,0,0,777.503,777.503
"June","B",27,"Main",4,2,"June_B_27_2",1420.585,487.857,81.3095,"0.0572366313877733",0,0,0,1908.442,1908.442
"June","B",27,"Main",4,3,"June_B_27_3",2014.838,177.433,29.57216667,"0.0146771932383646",0,0,0,2192.271,2192.271
"June","B",27,"Main",4,4,"June_B_27_4",1957.724,0,0,"0",1,4.52074576395856,88.5037248,1869.2202752,1957.724
"June","B",28,"Main",5,1,"June_B_28_1",345.994,573.716,95.61933333,"0.276361247102551",0,0,0,919.71,919.71
"June","B",28,"Main",5,2,"June_B_28_2",1742.084,646.989,107.8315,"0.0618979911416441",1,8.40985845137424,200.9176576,2188.1553424,2389.073
"June","B",28,"Main",5,3,"June_B_28_3",2515.714,363.297,60.5495,"0.0240685149424776",1,0.136751627555435,3.9370944,2875.0739056,2879.011
"June","B",28,"Main",5,4,"June_B_28_4",2772.099,41.967,6.9945,"0.00252317828475823",1,40.608810454339,1142.758728,1671.307272,2814.066
"June","B",28,"Main",5,5,"June_B_28_5",2301.165,0,0,"0",1,17.6899868371021,407.0757856,1894.0892144,2301.165
"June","B",29,"Main",4,1,"June_B_29_1",0,239.936,39.98933333,"",0,0,0,239.936,239.936
"June","B",29,"Main",4,2,"June_B_29_2",1359.087,263.529,43.9215,"0.0323169156941388",1,20.8544086524477,338.3869715,1284.2290285,1622.616
"June","B",29,"Main",4,3,"June_B_29_3",2503.97,165.43,27.57166667,"0.0110111809127106",1,8.51575488873904,227.319561,2442.080439,2669.4
"June","B",29,"Main",4,4,"June_B_29_4",2878.383,9.742,1.623666667,"0.000564089861217218",1,41.2981380653538,1192.74185,1695.38315,2888.125
"June","B",30,"Main",3,1,"June_B_30_1",275.436,269.632,44.93866667,"0.163154659049652",1,2.71774207988728,14.8135424,530.2544576,545.068
"June","B",30,"Main",3,2,"June_B_30_2",1188.735,253.036,42.17266667,"0.0354769285585097",1,17.4983996626371,252.2868518,1189.4841482,1441.771
"June","B",30,"Main",3,3,"June_B_30_3",1585.243,0,0,"0",1,31.4406676074268,498.4109824,1086.8320176,1585.243
"June","C",1,"Main",4,1,"June_C_1_1",0,219.673,36.61216667,"",0,0,0,219.673,219.673
"June","C",1,"Main",4,2,"June_C_1_2",923.109,502.451,83.74183333,"0.0907171670192794",1,0.210602093212492,3.0022592,1422.5577408,1425.56
"June","C",1,"Main",4,3,"June_C_1_3",1841.247,340.969,56.82816667,"0.0308639561503698",0,0,0,2182.216,2182.216
"June","C",1,"Main",4,4,"June_C_1_4",2198.898,0,0,"0",0,0,0,2198.898,2198.898
"June","C",2,"Main",4,1,"June_C_2_1",413.489,389.112,64.852,"0.156840931681375",0,0,0,802.601,802.601
"June","C",2,"Main",4,2,"June_C_2_2",1408.169,396.73,66.12166667,"0.0469557749602498",1,10.7243131831753,193.5630214,1611.3359786,1804.899
"June","C",2,"Main",4,3,"June_C_2_3",1986.261,71.199,11.8665,"0.00597429038781912",1,32.6432379195707,671.6215629,1385.8384371,2057.46
"June","C",2,"Main",4,4,"June_C_2_4",411.153,0,0,"0",0,0,0,411.153,411.153
"June","C",3,"Main",3,1,"June_C_3_1",481.801,90.082,15.01366667,"0.0311615514911758",0,0,0,571.883,571.883
"June","C",3,"Main",3,2,"June_C_3_2",858.963,52.122,8.687,"0.0101133576184306",0,0,0,911.085,911.085
"June","C",3,"Main",3,3,"June_C_3_3",1009.458,0,0,"0",1,20.6393928127768,208.3460019,801.1119981,1009.458
"June","C",4,"Main",5,1,"June_C_4_1",431.78,837.787,139.6311667,"0.323384980082449",0,0,0,1269.567,1269.567
"June","C",4,"Main",5,2,"June_C_4_2",2296.962,889.155,148.1925,"0.0645167399373607",0,0,0,3186.117,3186.117
"June","C",4,"Main",5,3,"June_C_4_3",3413.854,365.218,60.86966667,"0.0178301903567054",1,0.924266037799756,34.92867904,3744.14332096,3779.072
"June","C",4,"Main",5,4,"June_C_4_4",3721.436,0,0,"0",1,0.199029922857736,7.4067712,3714.0292288,3721.436
"June","C",4,"Main",5,5,"June_C_4_5",3435.582,0,0,"0",1,24.1988785073388,831.3723142,2604.2096858,3435.582
"June","C",5,"Main",5,1,"June_C_5_1",352.079,854.223,142.3705,"0.404370894032305",0,0,0,1206.302,1206.302
"June","C",5,"Main",5,2,"June_C_5_2",2083.36,1037.777,172.9628333,"0.0830210973139544",0,0,0,3121.137,3121.137
"June","C",5,"Main",5,3,"June_C_5_3",3329.905,596.131,99.35516667,"0.0298372375998715",0,0,0,3926.036,3926.036
"June","C",5,"Main",5,4,"June_C_5_4",4020.233,22.84,3.806666667,"0.000946877125529789",1,2.68952134675778,108.7393114,3934.3336886,4043.073
"June","C",5,"Main",5,5,"June_C_5_5",4249.116,0,0,"0",1,29.2803911684219,1244.157786,3004.958214,4249.116
"June","C",6,"Main",5,1,"June_C_6_1",338.053,393.141,65.5235,"0.193826116023227",0,0,0,731.194,731.194
"June","C",6,"Main",5,2,"June_C_6_2",1104.954,337.407,56.2345,"0.050893068851735",0,0,0,1442.361,1442.361
"June","C",6,"Main",5,3,"June_C_6_3",1450.409,68.412,11.402,"0.00786123086660383",1,10.8801563317863,165.2500992,1353.5709008,1518.821
"June","C",6,"Main",5,4,"June_C_6_4",1214.496,0,0,"0",1,19.1100519063052,232.090816,982.405184,1214.496
"June","C",6,"Main",5,5,"June_C_6_5",685.006,0,0,"0",1,35.9016088472218,245.9281747,439.0778253,685.006
"June","C",7,"Main",3,1,"June_C_7_1",335.374,124.32,20.72,"0.0617817719918658",0,0,0,459.694,459.694
"June","C",7,"Main",3,2,"June_C_7_2",1072.213,66.4,11.06666667,"0.0103213323005783",1,1.50469499294317,17.1326528,1121.4803472,1138.613
"June","C",7,"Main",3,3,"June_C_7_3",1233.478,0,0,"0",1,25.9473791020188,320.0552128,913.4227872,1233.478
"June","C",8,"Main",4,1,"June_C_8_1",0,534.257,89.04283333,"",0,0,0,534.257,534.257
"June","C",8,"Main",4,2,"June_C_8_2",1761.751,766.121,127.6868333,"0.0724772304939801",1,0.642902425439263,16.2517504,2511.6202496,2527.872
"June","C",8,"Main",4,3,"June_C_8_3",2926.97,563.976,93.996,"0.0321137558635722",1,2.18221880258245,76.18008,3414.76592,3490.946
"June","C",8,"Main",4,4,"June_C_8_4",3117.883,62.681,10.44683333,"0.00335061749590989",1,8.88478580842895,282.5862989,2897.9777011,3180.564
"June","C",9,"Main",5,1,"June_C_9_1",0,488.926,81.48766667,"",0,0,0,488.926,488.926
"June","C",9,"Main",5,2,"June_C_9_2",1545.73,712.475,118.7458333,"0.0768218468296533",0,0,0,2258.205,2258.205
"June","C",9,"Main",5,3,"June_C_9_3",2974.312,613.066,102.1776667,"0.0343533787645681",1,8.90571686061519,319.4817274,3267.8962726,3587.378
"June","C",9,"Main",5,4,"June_C_9_4",3849.562,64.716,10.786,"0.00280187720057503",1,3.49468173696401,136.7915584,3777.4864416,3914.278
"June","C",9,"Main",5,5,"June_C_9_5",3822.138,0,0,"0",1,23.9597196830674,915.7735507,2906.3644493,3822.138
"June","C",10,"Main",5,1,"June_C_10_1",0,303.027,50.5045,"",0,0,0,303.027,303.027
"June","C",10,"Main",5,2,"June_C_10_2",1444.395,772.454,128.7423333,"0.0891323587384338",0,0,0,2216.849,2216.849
"June","C",10,"Main",5,3,"June_C_10_3",2702.259,744.141,124.0235,"0.0458962297840436",0,0,0,3446.4,3446.4
"June","C",10,"Main",5,4,"June_C_10_4",3305.075,197.872,32.97866667,"0.0099781901076375",0,0,0,3502.947,3502.947
"June","C",10,"Main",5,5,"June_C_10_5",3348.34,0,0,"0",1,0.905768565916245,30.3282112,3318.0117888,3348.34
"June","C",12,"Main",5,1,"June_C_12_1",251.334,537.232,89.53866667,"0.356253696953058",0,0,0,788.566,788.566
"June","C",12,"Main",5,2,"June_C_12_2",933.453,350.862,58.477,"0.0626458964725594",0,0,0,1284.315,1284.315
"June","C",12,"Main",5,3,"June_C_12_3",1837.128,9.23,1.538333333,"0.000837357730653498",0,0,0,1846.358,1846.358
"June","C",12,"Main",5,4,"June_C_12_4",1912.333,0,0,"0",1,12.7341407746454,243.5191763,1668.8138237,1912.333
"June","C",12,"Main",5,5,"June_C_12_5",1253.171,0,0,"0",1,23.6832960864878,296.7921984,956.3788016,1253.171
"June","C",13,"Main",4,1,"June_C_13_1",240.373,916.184,152.6973333,"0.635251601885403",0,0,0,1156.557,1156.557
"June","C",13,"Main",4,2,"June_C_13_2",2447.109,1074.756,179.126,"0.0731990279141632",0,0,0,3521.865,3521.865
"June","C",13,"Main",4,3,"June_C_13_3",3838.666,732.225,122.0375,"0.0317916432427307",0,0,0,4570.891,4570.891
"June","C",13,"Main",4,4,"June_C_13_4",4408.808,32.255,5.375833333,"0.00121933940715949",1,0.010120099624797,0.44944,4440.61356,4441.063
"June","C",14,"Main",5,1,"June_C_14_1",0,540.854,90.14233333,"",0,0,0,540.854,540.854
"June","C",14,"Main",5,2,"June_C_14_2",843.177,705.153,117.5255,"0.139384138798852",0,0,0,1548.33,1548.33
"June","C",14,"Main",5,3,"June_C_14_3",1886.743,637.897,106.3161667,"0.0563490452594763",0,0,0,2524.64,2524.64
"June","C",14,"Main",5,4,"June_C_14_4",2297.67,69.328,11.55466667,"0.00502886257382479",0,0,0,2366.998,2366.998
"June","C",14,"Main",5,5,"June_C_14_5",1876.396,0,0,"0",1,7.28925976179868,136.7753786,1739.6206214,1876.396
"June","C",15,"Main",4,1,"June_C_15_1",506.173,291.258,48.543,"0.0959019939822946",0,0,0,797.431,797.431
"June","C",15,"Main",4,2,"June_C_15_2",1163.1,217.98,36.33,"0.0312354913592984",0,0,0,1381.08,1381.08
"June","C",15,"Main",4,3,"June_C_15_3",1303.113,19.967,3.327833333,"0.00255375652994023",0,0,0,1323.08,1323.08
"June","C",15,"Main",4,4,"June_C_15_4",1077.887,0,0,"0",1,2.12818390053874,22.9394176,1054.9475824,1077.887
"June","C",16,"Main",4,2,"June_C_16_2",1706.128,565.651,94.27516667,"0.0552567958969081",0,0,0,2271.779,2271.779
"June","C",16,"Main",4,3,"June_C_16_3",2785.396,112.392,18.732,"0.00672507607535876",1,2.58485680802046,74.9036704,2822.8843296,2897.788
"June","C",16,"Main",4,4,"June_C_16_4",1815.882,0,0,"0",1,10.0665261729562,182.7962368,1633.0857632,1815.882
"June","C",17,"Main",5,1,"June_C_17_1",0,162.931,27.15516667,"",0,0,0,162.931,162.931
"June","C",17,"Main",5,2,"June_C_17_2",736.981,510.697,85.11616667,"0.115493027187947",0,0,0,1247.678,1247.678
"June","C",17,"Main",5,3,"June_C_17_3",2004.68,598.483,99.74716667,"0.0497571516002554",0,0,0,2603.163,2603.163
"June","C",17,"Main",5,4,"June_C_17_4",2695.281,71.362,11.89366667,"0.00441277427845186",0,0,0,2766.643,2766.643
"June","C",17,"Main",5,5,"June_C_17_5",2877.365,0,0,"0",1,5.16954444083389,148.7466624,2728.6183376,2877.365
"June","C",18,"Main",4,1,"June_C_18_1",50.524,420.91,70.15166667,"1.38848204160399",0,0,0,471.434,471.434
"June","C",18,"Main",4,2,"June_C_18_2",1006.069,384.827,64.13783333,"0.0637509289422495",0,0,0,1390.896,1390.896
"June","C",18,"Main",4,3,"June_C_18_3",1541.639,207.404,34.56733333,"0.0224224564440832",1,11.6712766924541,204.135648,1544.907352,1749.043
"June","C",18,"Main",4,4,"June_C_18_4",1255.228,0,0,"0",1,15.8208517177756,198.5877606,1056.6402394,1255.228
"June","C",19,"Main",7,1,"June_C_19_1",0,221.826,36.971,"",0,0,0,221.826,221.826
"June","C",19,"Main",7,2,"June_C_19_2",1168.086,1257.193,209.5321667,"0.179380770508336",0,0,0,2425.279,2425.279
"June","C",19,"Main",7,3,"June_C_19_3",3528.09,1362.319,227.0531667,"0.0643558318240181",0,0,0,4890.409,4890.409
"June","C",19,"Main",7,4,"June_C_19_4",4741.956,402.666,67.111,"0.0141525986322944",0,0,0,5144.622,5144.622
"June","C",19,"Main",7,5,"June_C_19_5",4623.058,80.137,13.35616667,"0.00288903290203151",0,0,0,4703.195,4703.195
"June","C",19,"Main",7,6,"June_C_19_6",3811.641,80.151,13.3585,"0.00350465849223471",0,0,0,3891.792,3891.792
"June","C",19,"Main",7,7,"June_C_19_7",3156.957,0,0,"0",1,34.0831921372385,1075.99172,2080.96528,3156.957
"June","C",20,"Main",5,1,"June_C_20_1",0,293.971,48.99516667,"",0,0,0,293.971,293.971
"June","C",20,"Main",5,2,"June_C_20_2",738.714,467.947,77.99116667,"0.105576944081201",0,0,0,1206.661,1206.661
"June","C",20,"Main",5,3,"June_C_20_3",2116.658,372.143,62.02383333,"0.0293027184032565",0,0,0,2488.801,2488.801
"June","C",20,"Main",5,4,"June_C_20_4",2000.16,46.777,7.796166667,"0.00389777151177906",0,0,0,2046.937,2046.937
"June","C",20,"Main",5,5,"June_C_20_5",1799.088,0,0,"0",1,0.592562275997617,10.6607168,1788.4272832,1799.088
"June","C",21,"Main",4,1,"June_C_21_1",336.48,200.551,33.42516667,"0.0993377516345697",0,0,0,537.031,537.031
"June","C",21,"Main",4,2,"June_C_21_2",1396.102,248.756,41.45933333,"0.0296964930427719",0,0,0,1644.858,1644.858
"June","C",21,"Main",4,3,"June_C_21_3",1726.454,0,0,"0",0,0,0,1726.454,1726.454
"June","C",21,"Main",4,4,"June_C_21_4",1452.745,0,0,"0",0,0,0,1452.745,1452.745
"June","C",22,"Main",4,1,"June_C_22_1",0,614.12,102.3533333,"",0,0,0,614.12,614.12
"June","C",22,"Main",4,2,"June_C_22_2",1518.014,1136.877,189.4795,"0.124820653827962",0,0,0,2654.891,2654.891
"June","C",22,"Main",4,3,"June_C_22_3",1383.834,923.964,153.994,"0.111280688290648",1,0.0802363465086632,1.8516928,2305.9463072,2307.798
"June","C",22,"Main",4,4,"June_C_22_4",3067.574,0,0,"0",1,3.88963171548592,119.3173312,2948.2566688,3067.574
"June","C",23,"Main",5,1,"June_C_23_1",76.045,588.647,98.10783333,"1.29012865185088",0,0,0,664.692,664.692
"June","C",23,"Main",5,2,"June_C_23_2",1730.2,720.411,120.0685,"0.0693957345971564",0,0,0,2450.611,2450.611
"June","C",23,"Main",5,3,"June_C_23_3",2618.924,290.516,48.41933333,"0.0184882544625197",1,1.88523075230972,54.8496576,2854.5903424,2909.44
"June","C",23,"Main",5,4,"June_C_23_4",2724.124,0,0,"0",0,0,0,2724.124,2724.124
"June","C",23,"Main",5,5,"June_C_23_5",2609.443,0,0,"0",1,10.1843830196712,265.7556698,2343.6873302,2609.443
"June","C",24,"Main",4,1,"June_C_24_1",719.465,388.206,64.701,"0.0899293224826781",0,0,0,1107.671,1107.671
"June","C",24,"Main",4,2,"June_C_24_2",1619.084,248.614,41.43566667,"0.0255920425808667",1,0.934639840059796,17.4562496,1850.2417504,1867.698
"June","C",24,"Main",4,3,"June_C_24_3",1765.258,17.032,2.838666667,"0.00160807466500647",0,0,0,1782.29,1782.29
"June","C",24,"Main",4,4,"June_C_24_4",1344.185,0,0,"0",0,0,0,1344.185,1344.185
"June","C",25,"Main",6,1,"June_C_25_1",145.756,663.184,110.5306667,"0.758326701473696",0,0,0,808.94,808.94
"June","C",25,"Main",6,2,"June_C_25_2",1779.491,829.298,138.2163333,"0.0776718361036948",0,0,0,2608.789,2608.789
"June","C",25,"Main",6,3,"June_C_25_3",2779.615,414.974,69.16233333,"0.0248819830552073",0,0,0,3194.589,3194.589
"June","C",25,"Main",6,4,"June_C_25_4",2922.127,35.162,5.860333333,"0.00200550261265167",1,1.22371904808762,36.1889088,2921.1000912,2957.289
"June","C",25,"Main",6,5,"June_C_25_5",2380.712,18.052,3.008666667,"0.0012637675901159",1,15.6515688246113,375.4441984,2023.3198016,2398.764
"June","C",25,"Main",6,6,"June_C_25_6",2045.595,0,0,"0",1,21.9755956482099,449.5316858,1596.0633142,2045.595
"June","C",26,"Main",6,1,"June_C_26_1",0,647.928,107.988,"",0,0,0,647.928,647.928
"June","C",26,"Main",6,2,"June_C_26_2",1946.346,1084.809,180.8015,"0.0928927847361158",0,0,0,3031.155,3031.155
"June","C",26,"Main",6,3,"June_C_26_3",3352.219,783.083,130.5138333,"0.0389335640959018",1,1.24542847124587,51.50222848,4083.79977152,4135.302
"June","C",26,"Main",6,4,"June_C_26_4",4251.811,115.046,19.17433333,"0.00450968618548661",1,5.22623105130303,228.2220365,4138.6349635,4366.857
"June","C",26,"Main",6,5,"June_C_26_5",3585.231,38.642,6.440333333,"0.00179635101141321",0,0,0,3623.873,3623.873
"June","C",26,"Main",6,6,"June_C_26_6",2781.05,0,0,"0",1,27.9758360511318,778.0219885,2003.0280115,2781.05
"June","C",27,"Main",2,1,"June_C_27_1",813.45,153.909,25.6515,"0.0315342061589526",0,0,0,967.359,967.359
"June","C",27,"Main",2,2,"June_C_27_2",820.502,0,0,"0",0,0,0,820.502,820.502
"June","C",28,"Main",5,1,"June_C_28_1",0,242.524,40.42066667,"",0,0,0,242.524,242.524
"June","C",28,"Main",5,2,"June_C_28_2",470.576,691.001,115.1668333,"0.244735883895481",0,0,0,1161.577,1161.577
"June","C",28,"Main",5,3,"June_C_28_3",2330.051,581.778,96.963,"0.0416141105924291",0,0,0,2911.829,2911.829
"June","C",28,"Main",5,4,"June_C_28_4",3264.47,50.377,8.396166667,"0.00257198463058322",1,4.12413789837057,136.7088614,3178.1381386,3314.847
"June","C",28,"Main",5,5,"June_C_28_5",2374.21,0,0,"0",1,7.4595897751252,177.1063264,2197.1036736,2374.21
"June","C",29,"Main",6,1,"June_C_29_1",0,219.369,36.5615,"",0,0,0,219.369,219.369
"June","C",29,"Main",6,2,"June_C_29_2",1025.194,364.509,60.7515,"0.0592585403348049",0,0,0,1389.703,1389.703
"June","C",29,"Main",6,3,"June_C_29_3",1188.689,175.862,29.31033333,"0.0246576971184221",0,0,0,1364.551,1364.551
"June","C",29,"Main",6,4,"June_C_29_4",1950.671,0,0,"0",1,1.65797832643229,32.3417024,1918.3292976,1950.671
"June","C",29,"Main",6,5,"June_C_29_5",1462.902,0,0,"0",1,4.44001503860136,64.9530688,1397.9489312,1462.902
"June","C",29,"Main",6,6,"June_C_29_6",1234.71,0,0,"0",1,21.3027083363705,263.0266701,971.6833299,1234.71
"June","C",30,"Main",5,1,"June_C_30_1",168.838,628.377,104.7295,"0.620295786493562",0,0,0,797.215,797.215
"June","C",30,"Main",5,2,"June_C_30_2",1509.06,752.806,125.4676667,"0.0831429278491246",0,0,0,2261.866,2261.866
"June","C",30,"Main",5,3,"June_C_30_3",2129.192,397.648,66.27466667,"0.0311266746587438",0,0,0,2526.84,2526.84
"June","C",30,"Main",5,4,"June_C_30_4",1887.273,19.635,3.2725,"0.00173398337177504",0,0,0,1906.908,1906.908
"June","C",30,"Main",5,5,"June_C_30_5",1471.188,0,0,"0",1,14.0344222492299,206.472736,1264.715264,1471.188
